Country,Year,CAPEX,Exports of goods and services (% of GDP),GDP per capita (current US$),Imports of goods and services (% of GDP),Political Stability and Absence of Violence/Terrorism: Estimate
Argentina,2004,2046.2,23.84761942,4242.020991,16.84502668,-0.610934913
Argentina,2005,36.6,23.24587673,5067.653423,17.30539424,-0.041774943
Argentina,2006,847.3,23.0266946,5869.38029,17.40678527,0.001967763
Argentina,2007,499.7,22.66275031,7185.251551,18.28242031,0.097796634
Argentina,2008,378.1,22.06090038,8944.110266,18.341773,-0.087755688
Argentina,2009,850.6,19.56098506,8150.23527,14.49614185,-0.234854579
Argentina,2010,1213.5,18.93382341,10260.13131,16.03718986,-0.084797867
Argentina,2011,443.1,18.44920915,12704.28318,16.75694585,0.158993661
Argentina,2012,1395.1,16.23785946,12949.71749,14.28868291,0.103040546
Argentina,2013,1066.4,14.61717339,12963.67577,14.71675561,0.065314263
Argentina,2014,68.1,14.40547859,12233.14441,14.00131506,-0.005121871
Argentina,2015,474.4,10.70565205,13679.6265,11.78057404,0.008764135
Argentina,2016,126.3,12.52709517,12699.96231,13.56679268,0.197749898
Argentina,2017,135.0,11.32028336,14532.50093,13.96931778,0.162542164
Argentina,2018,2264.7,14.43668575,11752.79989,16.32585021,0.006909812
Argentina,2019,813.9,17.92487838,9955.974787,14.70573667,-0.097823091
Argentina,2020,694.3,16.60541444,8535.59938,13.59828437,-0.071997404
Argentina,2021,473.5,18.06670917,10738.01792,15.0119804,0.000530059
Argentina,2022,1439.0,16.24801444,13935.68111,15.29969356,-0.09859433
Argentina,2023,3450.5,12.74924578,14187.48273,13.89126635,-0.127517909
Australia,2004,12131.4,17.16246822,30836.73068,19.84714538,0.935463548
Australia,2005,14640.6,18.22437279,34479.76793,20.93637419,0.891707659
Australia,2006,16100.0,19.85353922,36595.70715,21.70590795,0.9344666
Australia,2007,13217.7,20.18350393,41051.61207,21.8245161,0.92887491
Australia,2008,25448.4,20.14887732,49701.28178,22.69789909,0.954700112
Australia,2009,16146.7,23.01098506,42816.5674,22.72987797,0.855120599
Australia,2010,10913.1,19.79626197,52144.66547,20.72532703,0.888859868
Australia,2011,13510.7,21.43724723,62605.60046,20.41388479,0.935710073
Australia,2012,14653.3,21.4931587,68072.87323,21.6711378,0.997997224
Australia,2013,10462.4,19.97656887,68190.701,21.29631015,1.031072974
Australia,2014,14233.2,21.08760339,62544.08738,21.39641963,1.032191992
Australia,2015,11401.4,20.06612629,56739.02653,21.59780564,0.873180687
Australia,2016,9112.1,19.27874425,49888.04108,21.69533522,1.033424497
Australia,2017,6510.6,21.25661748,53901.71454,20.94711419,0.876064062
Australia,2018,14320.7,21.89409054,57196.42208,21.84197454,0.971185446
Australia,2019,12451.6,24.159678,54972.70179,22.0278239,0.917978942
Australia,2020,5457.3,24.02673916,51791.54018,20.63771691,0.862161875
Australia,2021,16871.3,22.05667598,60607.77886,18.24580429,0.835079134
Australia,2022,36821.3,25.53158803,64997.01365,20.2901822,0.983715951
Australia,2023,19880.5,26.79924113,64835.91998,22.42594293,0.917057216
Austria,2004,6742.4,47.2191991,36614.25065,44.25502108,1.0896492
Austria,2005,7747.2,48.95115167,38157.37023,45.72360311,1.103950024
Austria,2006,14255.3,51.20315593,40382.20783,47.58256938,1.07445085
Austria,2007,12609.1,52.89048324,46622.96229,48.4744752,1.284419298
Austria,2008,20465.5,53.59839134,51581.39824,49.14531302,1.339270592
Austria,2009,8245.5,45.48691068,47857.44466,42.11358242,1.190873981
Austria,2010,7148.7,51.58398211,46611.13934,48.06090044,1.152648211
Austria,2011,7234.9,54.29207688,51116.89535,51.48302149,1.193521619
Austria,2012,4151.3,54.32549244,48250.40591,51.51529895,1.340566874
Austria,2013,5027.0,53.88982099,50305.35458,51.09555303,1.364100575
Austria,2014,4251.0,53.8561571,51314.97226,50.64058289,1.270700455
Austria,2015,4219.9,53.39601227,43915.22802,49.72156947,1.129330516
Austria,2016,4434.2,52.66340208,45061.49939,48.91009251,0.892175972
Austria,2017,6408.8,54.32602968,47163.74258,51.23003708,1.02962482
Austria,2018,10032.2,55.70223947,51194.07498,52.6757305,0.884860396
Austria,2019,6743.2,55.89580739,49885.99474,52.31147751,0.892189026
Austria,2020,4469.2,51.66308997,48716.40989,48.28512414,0.887600899
Austria,2021,6207.4,55.9533597,53648.71907,55.07890903,0.899554431
Austria,2022,10946.9,61.96267341,52176.66491,62.42077807,0.648710012
Austria,2023,4744.0,59.46456662,56033.57379,57.34935279,0.727989197
Azerbaijan,2004,6.4,48.78900846,1045.013633,72.71810743,-1.059811115
Azerbaijan,2005,225.0,62.94110601,1578.36733,52.9007786,-1.124819398
Azerbaijan,2006,41.2,66.50414484,2472.957257,38.75825501,-1.092682362
Azerbaijan,2007,4259.2,68.12891169,3851.330152,28.51289646,-0.625996411
Azerbaijan,2008,1094.9,65.77613785,5574.468104,23.46675902,-0.330349982
Azerbaijan,2009,3334.5,51.63574568,4950.39949,23.108296,-0.277853519
Azerbaijan,2010,330.7,54.30472154,5843.533768,20.68126693,-0.238546923
Azerbaijan,2011,78.5,56.42698053,7189.818692,24.08106448,-0.532135963
Azerbaijan,2012,2008.5,52.97468019,7495.865277,25.28838935,-0.715751827
Azerbaijan,2013,10107.8,48.41583308,7875.345367,26.26001169,-0.412859917
Azerbaijan,2014,66.8,43.27355666,7890.840281,26.20966854,-0.559909523
Azerbaijan,2015,278.0,37.79477749,5500.503646,34.80673042,-0.73391664
Azerbaijan,2016,903.8,46.42764939,3880.685228,43.64966934,-0.80890882
Azerbaijan,2017,3718.4,48.54786473,4147.198142,41.85445095,-0.751901031
Azerbaijan,2018,7154.8,54.09229386,4739.794312,37.58028267,-0.711399376
Azerbaijan,2019,102.7,49.0506275,4805.753718,36.76751791,-0.693411469
Azerbaijan,2020,309.0,35.62355587,4229.910649,36.39431178,-0.852253795
Azerbaijan,2021,292.9,46.48874717,5408.045352,29.79811852,-0.83782357
Azerbaijan,2022,103.3,59.98684807,7770.594223,26.99542519,-0.922807276
Azerbaijan,2023,1124.9,48.9964135,7133.02838,34.53947262,-0.730753899
Bahrain,2004,82.6,78.60514596,15963.94932,62.13216408,0.313402563
Bahrain,2005,501.3,83.89404821,17966.16578,64.4194769,0.014162739
Bahrain,2006,23205.4,84.63894426,19267.28262,62.46523681,-0.365050614
Bahrain,2007,8970.7,79.67952923,20908.40425,58.10552134,-0.247773513
Bahrain,2008,11856.1,82.57734838,23299.49928,63.30516277,-0.237366229
Bahrain,2009,4690.9,68.46559387,19465.31407,49.49813154,-0.137239441
Bahrain,2010,475.1,66.70271504,21819.32911,48.85877141,-0.493476391
Bahrain,2011,445.3,95.63634876,25032.78677,71.89329227,-0.950841904
Bahrain,2012,1277.6,98.26563623,26438.67332,80.55838459,-1.129954934
Bahrain,2013,868.5,100.8266516,26989.76011,83.76285721,-1.335417747
Bahrain,2014,336.7,92.22553572,26451.79656,76.35032242,-0.907474875
Bahrain,2015,3688.2,79.34410357,23734.05511,68.5719566,-1.068262696
Bahrain,2016,38.3,70.5882907,23800.00144,62.2347072,-0.792700231
Bahrain,2017,292.2,72.25386214,24784.76935,64.17537767,-0.958746254
Bahrain,2018,89.8,75.71537268,26324.40665,68.35999989,-0.846294165
Bahrain,2019,746.0,73.09442399,27259.74386,62.32311941,-0.626829982
Bahrain,2020,182.2,70.45443582,24342.84446,65.00654919,-0.61010462
Bahrain,2021,132.4,86.27421867,27147.80839,67.52509781,-0.5247612
Bahrain,2022,190.4,95.9613654,30470.52193,71.17987575,-0.362905443
Bahrain,2023,255.6,87.35114395,29290.12842,70.09671073,-0.373967588
Belgium,2004,2503.2,70.90627745,35429.40779,66.0121279,0.709136724
Belgium,2005,2919.4,74.28282892,36809.70134,70.24622175,0.793774188
Belgium,2006,2950.2,76.80499706,38705.1068,72.76251224,0.856375813
Belgium,2007,5990.4,78.3018047,44319.16545,74.16664217,0.757325053
Belgium,2008,12155.8,80.88061998,48303.39796,80.20782782,0.620571196
Belgium,2009,8552.2,68.59607707,44923.34001,66.54232865,0.820824683
Belgium,2010,6023.5,75.82828987,44197.39367,74.33427375,0.810646176
Belgium,2011,5473.4,80.27136435,47760.82988,80.49415254,0.954535425
Belgium,2012,3155.2,80.04897213,44874.17092,80.33432929,0.92359972
Belgium,2013,4534.4,78.91141344,46964.59468,78.66220934,0.940082729
Belgium,2014,6223.3,79.39652058,47995.7787,79.17509037,0.701269448
Belgium,2015,6132.5,77.87773922,40893.80454,77.19094283,0.577092111
Belgium,2016,7416.6,79.61813171,41854.54983,79.4395649,0.42960611
Belgium,2017,5623.0,83.44440505,44035.32394,83.45967319,0.417607278
Belgium,2018,8891.5,83.48305672,47487.21004,84.79463616,0.393769443
Belgium,2019,5461.4,82.96742754,46716.62275,82.49805139,0.458395332
Belgium,2020,5839.7,79.19687056,45906.28758,77.75325072,0.521078527
Belgium,2021,7899.0,89.62535511,51658.23829,87.75653733,0.662682593
Belgium,2022,15547.5,95.2395955,50822.25185,96.69984859,0.581981599
Belgium,2023,14322.4,84.18063186,54690.09427,84.78037755,0.403853089
Brazil,2004,3214.1,16.54576151,3663.823188,13.13249097,-0.275992811
Brazil,2005,1535.1,15.24382927,4827.781731,11.84296594,-0.263379753
Brazil,2006,3561.0,14.3743163,5934.144709,11.66738359,-0.294911116
Brazil,2007,4489.3,13.3276751,7409.691307,11.96493627,-0.357948095
Brazil,2008,10251.4,13.53400051,8908.331765,13.7235689,-0.313424706
Brazil,2009,6524.1,10.85137113,8678.659224,11.25460447,0.163664222
Brazil,2010,11646.8,10.86558478,11403.28213,11.90659334,0.013475911
Brazil,2011,5403.7,11.58251268,13396.62436,12.3518925,-0.132575423
Brazil,2012,2592.0,11.87753907,12521.72135,13.23673454,0.045961641
Brazil,2013,7164.7,11.74223065,12458.89121,14.04372668,-0.258553296
Brazil,2014,1685.8,11.01194282,12274.99397,13.67346299,-0.070290133
Brazil,2015,2105.1,12.90019142,8936.196617,14.05343452,-0.331864446
Brazil,2016,1883.7,12.46667904,8836.286527,12.06700303,-0.38103506
Brazil,2017,1811.5,12.51896787,10080.50928,11.8007665,-0.479947567
Brazil,2018,5272.6,14.6349995,9300.661649,14.24120388,-0.459598511
Brazil,2019,2767.8,14.12291919,9029.833267,14.76733868,-0.714224637
Brazil,2020,1477.6,16.45355201,7074.193783,15.84852653,-0.44689092
Brazil,2021,2806.5,19.10943037,7972.53665,18.54690039,-0.419879764
Brazil,2022,2320.9,19.630765,9281.333344,19.18530097,-0.395036936
Brazil,2023,4433.3,17.9693243,10377.58928,15.69690553,-0.408567786
Bulgaria,2004,786.2,40.95664027,3389.687434,52.10725769,0.003630734
Bulgaria,2005,120.3,42.52956575,3899.825963,57.18464546,0.14727059
Bulgaria,2006,52.5,46.97787863,4523.146558,64.06958412,0.39442119
Bulgaria,2007,120.7,52.35503435,5888.570814,71.17752332,0.357635468
Bulgaria,2008,300.0,52.47765905,7271.303389,72.21108847,0.369860709
Bulgaria,2009,17.5,42.21885009,6988.273163,50.47379552,0.353678972
Bulgaria,2010,95.8,50.09804494,6853.948055,53.28247738,0.36009106
Bulgaria,2011,85.5,58.78820752,7849.580613,58.62989637,0.301750302
Bulgaria,2012,88.8,60.34627469,7431.957895,63.62504802,0.379833996
Bulgaria,2013,291.0,64.56497865,7795.980921,65.12370434,0.170710385
Bulgaria,2014,266.1,64.55081095,8069.600057,65.69756616,0.078540899
Bulgaria,2015,577.9,63.78641724,7268.654455,62.95022497,0.010424642
Bulgaria,2016,34.2,63.86093053,7822.499233,58.94458383,0.068279371
Bulgaria,2017,462.9,66.99052142,8696.689304,62.64390763,0.321379662
Bulgaria,2018,74.6,65.76513413,9872.385078,63.10043115,0.444411188
Bulgaria,2019,69.1,64.18228708,10372.80443,60.84767606,0.561284423
Bulgaria,2020,268.5,56.42407172,10769.94757,53.90000941,0.401631027
Bulgaria,2021,118.0,61.82065731,12972.21734,59.33669731,0.364739358
Bulgaria,2022,580.1,69.9770907,13999.67192,68.86305611,0.31342864
Bulgaria,2023,790.2,61.88531597,15883.86185,57.78280437,0.341861486
Canada,2004,27925.2,37.32777131,32145.54126,32.86464868,0.876447499
Canada,2005,44784.9,36.85670732,36383.66001,32.90242569,0.82872504
Canada,2006,14398.6,35.40245922,40504.0371,32.64970526,1.034956574
Canada,2007,13096.8,34.22955516,44660.08389,32.05386458,1.007010698
Canada,2008,46477.2,34.39500555,46710.25269,32.62860281,1.041372657
Canada,2009,31237.2,28.51583432,40874.88319,29.95855751,1.127075911
Canada,2010,19850.4,29.16738193,47560.6666,31.04073957,0.936318219
Canada,2011,26487.4,30.67839192,52223.85884,31.82034685,1.077175736
Canada,2012,22613.6,30.35302552,52670.34473,32.24252342,1.113016248
Canada,2013,21254.8,30.33193867,52638.11872,31.89913623,1.061421752
Canada,2014,28595.8,31.73657587,50960.84312,32.64208628,1.17550385
Canada,2015,20317.0,31.84996096,43594.1941,34.3149411,1.26233685
Canada,2016,17444.0,31.50257241,42314.06158,33.86111211,1.240411639
Canada,2017,13345.7,31.45441015,45129.62812,33.6466507,1.089681149
Canada,2018,21220.9,32.32540373,46539.17616,34.27448212,0.963971078
Canada,2019,23605.8,32.35269582,46352.86934,33.81878946,0.994933546
Canada,2020,18281.4,29.47364723,43537.8393,31.68312373,1.013182282
Canada,2021,22534.0,31.1750783,52886.66164,31.07175842,0.962336957
Canada,2022,23368.9,33.94319067,56256.80073,33.37443089,0.780681551
Canada,2023,47800.1,33.3498761,54220.3285,33.28245524,0.822420537
Chile,2004,445.6,39.68574951,6120.591521,30.20361054,0.691341698
Chile,2005,854.5,40.17557201,7480.32331,31.88696223,0.842383623
Chile,2006,239.8,43.8656742,9318.656553,29.84596084,0.613005877
Chile,2007,1001.5,45.1298519,10346.41382,31.84717282,0.406370878
Chile,2008,550.2,41.16256079,10683.21888,39.51406545,0.431912959
Chile,2009,978.5,37.1156348,10098.80172,29.57039617,0.602584422
Chile,2010,949.5,37.90399432,12632.87047,31.81368582,0.67960453
Chile,2011,1288.8,37.68978027,14487.39278,34.79186253,0.452553362
Chile,2012,505.5,33.8455905,15241.907,34.31055239,0.331102103
Chile,2013,952.0,32.08746359,15683.54864,33.05582436,0.36374253
Chile,2014,536.2,33.00390297,14529.67672,32.63072516,0.447516918
Chile,2015,1431.3,29.19107949,13433.9203,30.15803099,0.424871743
Chile,2016,719.5,27.92315811,13649.85205,28.13470298,0.402406216
Chile,2017,1015.0,28.33137683,14879.90862,27.69478213,0.40628159
Chile,2018,2371.0,28.52904474,15659.48087,29.64800589,0.412769765
Chile,2019,1947.5,27.87466776,14495.71672,29.73708681,-0.016121579
Chile,2020,1022.8,31.33039024,13114.81547,26.85247332,0.044044506
Chile,2021,1032.6,31.99279527,16206.83255,32.88461106,0.161427185
Chile,2022,3416.0,35.60662827,15405.61658,39.59498947,0.132084325
Chile,2023,5462.1,30.81106207,17067.03648,29.91366161,0.136159942
China,2004,6159.5,30.60971625,1530.927262,28.03061779,-0.390680671
China,2005,9699.6,33.36879775,1777.644968,27.99127719,-0.501756608
China,2006,16013.1,35.52684687,2129.25697,28.04273299,-0.540030122
China,2007,19110.0,34.90669562,2734.727099,26.35976838,-0.500553727
China,2008,43121.5,32.0925136,3523.443021,24.6186194,-0.493088424
China,2009,23019.4,24.33077181,3898.244592,20.08899262,-0.451781332
China,2010,18294.7,26.72274515,4629.245517,23.13132708,-0.657060683
China,2011,34927.8,26.15188289,5703.76028,23.79394433,-0.602054834
China,2012,24501.8,25.07670433,6405.057424,22.40350875,-0.53878206
China,2013,45927.5,24.16334309,7147.035186,21.75269829,-0.543789923
China,2014,77532.1,23.07197669,7781.065975,20.99647979,-0.522584021
China,2015,62737.8,20.93906422,8175.332851,17.75812061,-0.552559674
China,2016,109430.1,19.20365074,8254.868593,16.97351996,-0.502221346
China,2017,53197.5,19.33563017,8979.676527,17.61522245,-0.232558101
China,2018,88146.5,18.7705198,10085.66381,18.12386459,-0.298572481
China,2019,64985.4,18.05570696,10342.90095,17.14371331,-0.259780675
China,2020,49419.4,18.20358217,10627.4638,15.83536862,-0.474127859
China,2021,39897.9,19.52624222,12887.43572,16.99444895,-0.516462862
China,2022,51038.7,20.29773169,12970.60564,17.14298818,-0.45127672
China,2023,164305.9,19.10247172,12951.17824,17.00272065,-0.513097048
Colombia,2004,97.6,16.77075142,2818.571954,19.09267551,-2.271226406
Colombia,2005,259.20495,16.97104374,3456.066109,20.45165376,-2.057942867
Colombia,2006,58.0,17.72858775,3789.853612,21.91276821,-1.90479672
Colombia,2007,370.4,16.43314213,4769.926147,20.66575497,-1.806527257
Colombia,2008,362.8,18.10959514,5541.836297,21.05805428,-1.853462338
Colombia,2009,81.1,16.42449569,5250.972924,18.73163282,-1.832345843
Colombia,2010,447.8,16.34084476,6398.295845,17.92375841,-1.537184834
Colombia,2011,709.0,19.27650507,7400.99407,20.19391848,-1.284655571
Colombia,2012,775.1,18.81120528,8108.598382,20.02394574,-1.401810408
Colombia,2013,868.8,18.08643972,8279.102556,19.90020908,-1.291971803
Colombia,2014,316.1,16.63474911,8187.208249,20.85271653,-1.114594102
Colombia,2015,37.9,15.65021151,6248.514905,22.71055261,-1.072663784
Colombia,2016,109.2,14.71713928,5959.842504,21.48551371,-0.887163997
Colombia,2017,687.3,15.14528975,6479.532313,20.13762519,-0.779457808
Colombia,2018,228.8,15.89971968,6816.968183,20.63503312,-0.806941986
Colombia,2019,1057.4,15.86803865,6472.545449,21.69049533,-0.979486108
Colombia,2020,396.1,13.52227556,5339.687114,20.53329541,-0.70115006
Colombia,2021,746.5,16.19700595,6222.621644,23.86214044,-0.954574347
Colombia,2022,510.3,20.38836799,6680.445069,27.89428712,-0.629958332
Colombia,2023,409.0,17.83167841,7000.836605,22.55645409,-0.71731323
Croatia,2004,99.7,36.56168619,9718.973228,45.08272647,0.686754405
Croatia,2005,285.6,36.40265172,10443.52784,45.08968385,0.434474081
Croatia,2006,290.3,37.54036485,11502.75312,45.96551447,0.560829282
Croatia,2007,3239.0,37.46093208,13757.60565,45.79054464,0.605396986
Croatia,2008,1457.1,35.97187456,15889.43471,46.1001069,0.57365191
Croatia,2009,65.0,32.09809402,14475.96329,37.5971499,0.61292696
Croatia,2010,794.4,35.49945452,13731.28652,37.13920235,0.608463645
Croatia,2011,61.0,38.04292162,14694.99932,39.72281707,0.62374711
Croatia,2012,141.5,38.70121802,13508.6837,40.30104894,0.606891453
Croatia,2013,67.5,39.46531634,14136.39677,41.44520103,0.64266789
Croatia,2014,23.5,42.41349291,14187.96945,42.79568404,0.619112372
Croatia,2015,37.3,45.42549119,12285.30326,45.21544991,0.586513638
Croatia,2016,202.2,46.61654836,12821.17381,45.51424072,0.654191136
Croatia,2017,42.2,48.91331053,13902.63105,48.30802087,0.681905687
Croatia,2018,234.9,49.10921063,15460.41833,49.95860734,0.793678284
Croatia,2019,205.0,50.48923505,15563.81674,50.89277828,0.685510695
Croatia,2020,90.1,41.27703158,14808.46202,48.25642222,0.607283235
Croatia,2021,137.3,49.77970537,17789.93047,52.52872544,0.621595681
Croatia,2022,487.7,59.49697151,18466.09555,65.71688608,0.672563255
Croatia,2023,198.0,52.93415929,21865.45628,54.76676014,0.59771204
Cyprus,2004,888.2,56.88980309,23792.61914,57.0138104,0.380177587
Cyprus,2005,576.8,55.6921065,24959.26172,56.22495877,0.517519236
Cyprus,2006,914.4,53.43581088,26729.28125,56.37068716,0.539664984
Cyprus,2007,1228.6,53.25898013,31244.87891,58.01614272,0.537055731
Cyprus,2008,2103.3,50.08169582,35397.29688,62.84423505,0.639003932
Cyprus,2009,1139.6,48.7222504,32236.44922,54.0688415,0.390287489
Cyprus,2010,942.9,50.33452585,31105.02734,58.56717342,0.452444822
Cyprus,2011,8490.1,53.45408858,32485.79688,57.16304828,0.607984483
Cyprus,2012,3096.1,55.27838094,28991.93555,57.06589236,0.635126054
Cyprus,2013,4138.6,61.29659043,27797.45703,59.62961021,0.563347161
Cyprus,2014,1141.9,65.95170487,27244.35156,64.89265821,0.551882088
Cyprus,2015,1428.4,70.01730313,23487.22852,67.25912335,0.542449117
Cyprus,2016,1503.1,70.48405223,24715.1543,68.53804623,0.593786836
Cyprus,2017,939.7,73.83647914,26696.99023,74.17687642,0.53097415
Cyprus,2018,7119.1,74.51113462,29599.98633,73.11243279,0.484542251
Cyprus,2019,2171.2,75.7588676,29703.05273,74.74730196,0.544598222
Cyprus,2020,2075.0,79.64725272,28649.01563,81.02146374,0.288777649
Cyprus,2021,1717.1,90.75783316,33734.03516,86.06990366,0.422150671
Cyprus,2022,1154.0,105.6217661,33894.44922,102.0106609,0.423811227
Cyprus,2023,1145.4,97.15784521,36551.41797,96.110774,0.409627169
Czech Republic,2004,668.7,56.89947817,11782.55467,56.2744978,0.653875828
Czech Republic,2005,852.1,61.75886645,13442.49163,59.43242087,0.936384082
Czech Republic,2006,774.0,64.88698257,15259.07882,62.16403248,1.053728819
Czech Republic,2007,2967.5,66.15054235,18452.65328,63.72619715,1.015414
Czech Republic,2008,3623.1,63.03422063,22774.70451,60.8705893,1.049879551
Czech Republic,2009,903.3,58.47578447,19817.42158,54.57347032,0.90582937
Czech Republic,2010,2297.8,64.89159802,20160.43551,61.8648821,0.989233732
Czech Republic,2011,1853.7,70.25063761,22049.10808,66.50021793,1.109117627
Czech Republic,2012,3033.1,75.10481048,20014.0354,70.37538492,1.054106116
Czech Republic,2013,1735.5,75.58039545,20260.4955,69.92183518,1.084778547
Czech Republic,2014,548.2,81.35103521,20038.41632,75.06408761,0.989990473
Czech Republic,2015,1148.5,80.01256714,17931.59877,74.00583385,0.970251083
Czech Republic,2016,1885.6,78.10833301,18753.96867,70.43867166,0.963384211
Czech Republic,2017,1633.7,77.68443262,20913.19763,70.06640223,0.990650773
Czech Republic,2018,4228.1,75.60978149,23705.93298,69.5319364,1.026412845
Czech Republic,2019,3337.1,72.12485114,24062.719,66.02975886,0.94199568
Czech Republic,2020,2151.6,67.76097323,23472.89155,61.01945707,0.912328005
Czech Republic,2021,2524.2,70.55004514,27696.46195,66.82807116,0.947537839
Czech Republic,2022,12026.7,72.40942814,28282.22367,71.60206597,0.814114571
Czech Republic,2023,3472.6,68.9779443,31591.05682,63.97899962,0.967361629
Denmark,2004,3466.0,43.82154481,46625.0501,38.18618602,1.084337354
Denmark,2005,8535.2,47.37512123,48925.80767,42.02367401,1.073495388
Denmark,2006,3137.7,50.68436613,52119.1788,46.74549464,1.046792865
Denmark,2007,6890.5,51.39748723,58631.65664,48.65018736,1.118189216
Denmark,2008,14028.6,53.97091873,64616.66576,50.49939144,1.065386772
Denmark,2009,9227.9,46.99890975,58412.74724,42.3959469,1.001182675
Denmark,2010,2990.4,50.59078054,58104.54456,43.7969477,1.040961027
Denmark,2011,9774.9,54.08362725,61809.7379,47.92930323,1.10029304
Denmark,2012,6957.2,55.08084261,58443.77471,49.2814379,0.914910674
Denmark,2013,7957.6,54.92090924,61377.59406,48.69190401,0.959233463
Denmark,2014,6846.6,54.83340375,62520.45097,48.37745547,0.951779723
Denmark,2015,16440.0,55.81432157,53094.01336,49.31604088,0.887059271
Denmark,2016,7273.2,53.7439529,54500.92604,47.70883091,0.852912426
Denmark,2017,9421.0,55.34595156,57521.5515,48.86972536,0.854937553
Denmark,2018,8573.6,56.98336838,61324.7665,51.83061712,0.931982338
Denmark,2019,8806.2,58.95060792,59404.26632,52.94086715,0.967598736
Denmark,2020,7871.2,55.03689732,60985.48856,49.39653535,0.920233727
Denmark,2021,11060.6,58.82542378,69727.98737,52.5886199,0.928662658
Denmark,2022,25241.8,70.54846983,68091.31911,60.99468131,0.868917704
Denmark,2023,27057.5,67.95964338,68453.87693,59.8089241,0.85084796
Egypt,2004,254.3,28.22996085,991.2556891,29.58994436,-0.822401702
Egypt,2005,2582.5,30.34354689,1105.539207,32.60909935,-0.629358649
Egypt,2006,3232.1,29.94981383,1298.979002,31.56872268,-0.837807655
Egypt,2007,1894.0,30.24973147,1547.741707,34.82814178,-0.552382112
Egypt,2008,3263.4,33.04299274,1896.215943,38.63763261,-0.510431707
Egypt,2009,1857.8,24.95682211,2161.639646,31.59662253,-0.607227087
Egypt,2010,1025.2,21.34924581,2455.081946,26.58710426,-0.898418307
Egypt,2011,71.8,20.56742761,2590.643849,24.68820655,-1.437057018
Egypt,2012,1771.8,16.39696662,2996.067707,24.31480265,-1.436329722
Egypt,2013,1153.9,17.01784562,3025.525636,23.35519243,-1.6388309
Egypt,2014,1701.1,14.24413146,3133.391023,22.67605634,-1.631176591
Egypt,2015,1640.3,13.18384549,3306.981594,21.66209747,-1.49933219
Egypt,2016,1279.0,10.34546394,3270.628777,19.90108511,-1.43972683
Egypt,2017,418.7,15.01408682,2395.103333,27.81804754,-1.429645896
Egypt,2018,769.6,17.98465561,2484.703156,27.92636406,-1.188121557
Egypt,2019,242.6,16.64403145,2962.98892,24.4799857,-1.124630809
Egypt,2020,311.2,12.47277574,3511.11381,19.65347983,-1.181932807
Egypt,2021,248.7,10.56115022,3827.354154,19.29582327,-1.032864332
Egypt,2022,254.0,15.08702582,4233.307837,21.89607906,-0.978700578
Egypt,2023,898.3,19.10609134,3456.789685,21.34430943,-0.866764307
Estonia,2004,162.9,61.0658452,8916.072827,68.88365487,0.703926206
Estonia,2005,565.2,65.42249302,10414.63812,70.4902991,0.605274677
Estonia,2006,878.5,63.25635467,12641.4801,73.36438299,0.736678243
Estonia,2007,2435.2,62.59540891,16745.4308,71.38542033,0.634109557
Estonia,2008,348.8,66.38882474,18205.90641,70.29316342,0.571973562
Estonia,2009,108.2,60.86142182,14712.44942,55.89765804,0.567619026
Estonia,2010,812.1,75.0459409,14663.7041,68.62582136,0.661366999
Estonia,2011,350.0,86.26961752,17555.54552,80.47645491,0.611041307
Estonia,2012,83.2,85.39809037,17568.2138,83.7579774,0.636465192
Estonia,2013,1316.3,83.45411064,19310.38749,81.14752152,0.748215437
Estonia,2014,178.6,80.58973523,20581.7899,77.36420961,0.780257881
Estonia,2015,280.5,76.03446023,17722.15577,72.47269689,0.613857269
Estonia,2016,53.9,75.47686216,18666.37365,72.26937055,0.662796259
Estonia,2017,233.7,74.30555838,20851.52235,70.33009256,0.64237076
Estonia,2018,1921.0,72.90049516,23618.13613,70.58472971,0.580415547
Estonia,2019,288.6,72.01915435,24021.25014,68.33299364,0.630197763
Estonia,2020,1114.1,68.15455341,23933.99394,69.23808788,0.709816992
Estonia,2021,721.3,79.54619179,27953.76702,80.84848984,0.748589516
Estonia,2022,2119.3,86.66383666,28451.14778,87.90015752,0.727880895
Estonia,2023,1683.8,77.857703,30133.30445,77.00154162,0.660533905
Finland,2004,3766.1,38.61951229,37768.13342,32.34829061,1.61962688
Finland,2005,7912.8,40.27850315,39049.87038,36.31047089,1.594946861
Finland,2006,8128.9,43.08317087,41214.01878,38.91739606,1.501111031
Finland,2007,12323.0,43.82895236,48473.02401,39.03420846,1.488697052
Finland,2008,9585.2,44.90278142,53769.47262,41.28687845,1.445868373
Finland,2009,3171.2,36.08330811,47478.34953,34.04462542,1.459671497
Finland,2010,3988.5,38.41304937,46506.2919,37.04815915,1.423606873
Finland,2011,5759.0,38.96739268,51060.32426,39.74855177,1.393471003
Finland,2012,4525.3,38.93491301,47551.67408,40.49546357,1.400765181
Finland,2013,8297.8,38.25019533,49691.01452,39.23497644,1.385172486
Finland,2014,2188.6,36.80600423,50073.77608,37.82176775,1.282197237
Finland,2015,4772.8,35.78157113,42560.34568,36.18025424,1.027998209
Finland,2016,3812.5,35.33333024,43451.25624,36.38887988,0.982591867
Finland,2017,10404.8,38.1663151,46085.01747,37.77246713,1.063808203
Finland,2018,3037.8,39.14922059,49654.2497,39.99439426,0.891889691
Finland,2019,6614.7,40.61831811,48358.18078,39.94583218,0.835258842
Finland,2020,3430.0,36.21434343,48828.68469,35.97025217,0.981825113
Finland,2021,3316.3,39.92177325,53099.13514,39.86750494,0.963275969
Finland,2022,5142.8,46.28478028,50440.56022,48.27775377,0.894830108
Finland,2023,4159.2,43.09631867,52821.51143,42.7810486,0.713986695
France,2004,26599.7,27.53810386,33644.92822,26.21166097,0.345115304
France,2005,25847.2,28.16355653,34696.37183,27.6592796,0.399723917
France,2006,43470.4,28.92784848,36431.56589,28.94142905,0.595505774
France,2007,44077.9,28.85853447,41486.19078,29.29402666,0.563000798
France,2008,114898.7,29.19905968,45464.81814,29.98073316,0.543759167
France,2009,51938.8,25.88094823,41728.08842,26.31816407,0.512012899
France,2010,42334.4,27.82648809,40694.82117,28.76106716,0.681087554
France,2011,39282.3,29.53884734,43929.78409,31.06678815,0.602992833
France,2012,52254.1,30.35567865,40863.58144,31.30327842,0.554941535
France,2013,29206.1,30.59128534,42669.17951,31.22794853,0.448744118
France,2014,46279.8,30.7418129,43148.04593,31.45745404,0.300568491
France,2015,35054.3,31.69349473,36702.43237,31.81119247,0.097759806
France,2016,36653.6,31.49821007,37024.21571,31.84454637,-0.106349595
France,2017,28849.0,32.31183404,38687.16264,33.08401411,0.265701532
France,2018,52357.7,32.91798189,41418.17665,33.88427889,0.013894104
France,2019,45776.8,32.88955939,40408.28486,33.53941778,0.271341234
France,2020,38338.7,28.55722282,39169.8606,30.2816679,0.280992836
France,2021,37021.9,31.28804993,43725.09995,32.5004327,0.325612366
France,2022,78649.7,36.50366889,41082.81193,39.28647472,0.393339217
France,2023,51377.3,34.28003058,44690.93454,36.27952421,0.343697965
Germany,2004,44340.3,33.93521264,34566.73591,28.9712783,0.638884366
Germany,2005,43277.6,35.95314979,35084.43635,30.9999527,0.88891536
Germany,2006,53338.7,38.96944992,36980.33499,33.78974355,1.025069594
Germany,2007,63447.3,40.63680563,42350.92172,34.24703606,0.995823801
Germany,2008,78189.6,40.94254889,46386.32959,35.15886133,0.943830788
Germany,2009,66788.2,35.44172642,42487.21371,30.67354211,0.859902501
Germany,2010,66321.9,39.48326873,42409.9357,34.37937203,0.796834469
Germany,2011,69768.6,41.62998897,47646.58204,36.77732449,0.842218459
Germany,2012,48048.0,42.66881637,44735.58823,36.63167142,0.775621295
Germany,2013,55006.4,41.66865461,47220.01021,35.89572696,0.92798388
Germany,2014,54141.5,41.6838907,48971.08247,35.14644057,0.925186455
Germany,2015,45473.7,42.60444315,41911.01099,35.18691362,0.687514961
Germany,2016,49116.4,41.6238177,42961.03569,34.36076981,0.667541146
Germany,2017,60024.2,42.32598143,45526.59996,35.24065552,0.574381292
Germany,2018,72371.4,42.60739173,48874.8595,36.62026796,0.577865243
Germany,2019,75752.6,42.38630449,47623.86561,36.74744263,0.548539877
Germany,2020,44363.5,39.16918385,47379.76519,33.82407338,0.645049155
Germany,2021,73094.1,42.65758365,52265.65416,37.4990344,0.725788176
Germany,2022,72756.8,45.78051772,49686.11546,43.28360965,0.628491879
Germany,2023,98069.7,43.40234856,53940.40734,39.39675789,0.586989284
Greece,2004,483.1,20.60931091,21449.25528,29.21600676,0.489336252
Greece,2005,890.4,20.99253029,22054.13158,29.36300315,0.506524146
Greece,2006,1965.9,20.7749728,24416.0233,30.32977378,0.630432785
Greece,2007,1421.6,21.74818747,28440.76253,32.77749435,0.523507833
Greece,2008,3913.5,22.784792,31695.83311,34.32049163,0.267854154
Greece,2009,1558.7,18.72988201,29425.45732,27.64807739,-0.208124295
Greece,2010,859.1,21.72883298,26653.0488,29.19368433,-0.127206877
Greece,2011,976.6,25.30760279,25504.78665,30.98539349,-0.098695189
Greece,2012,1242.9,28.96581396,21624.34605,33.42846501,-0.217248693
Greece,2013,490.7,30.32720911,21573.34498,32.6275372,-0.171341717
Greece,2014,10128.1,32.51499901,21474.72571,33.91856925,-0.140445963
Greece,2015,50.9,32.18637755,17980.72982,33.08542359,-0.235559732
Greece,2016,645.5,31.17938602,17919.24264,32.47827657,-0.129703641
Greece,2017,137.2,34.77932047,18631.99301,36.10328621,-0.081244044
Greece,2018,702.3,38.63097615,19873.40152,40.60718745,0.153979063
Greece,2019,513.4,39.56029179,19335.3602,41.0298091,0.162428334
Greece,2020,56.5,31.4504295,17886.73317,38.84335694,0.115181528
Greece,2021,554.0,40.2604118,20654.7002,47.75225094,0.101383269
Greece,2022,3030.8,49.01988478,20971.83493,58.65932312,0.106463775
Greece,2023,1639.9,43.70825883,23400.72788,48.44803119,0.239744067
Hong Kong,2004,16713.5,167.7758972,24928.10037,159.0651574,1.144978046
Hong Kong,2005,7205.8,177.4529167,26649.63772,165.2362928,1.336290479
Hong Kong,2006,11242.1,185.185163,28224.09516,174.0234982,1.190912247
Hong Kong,2007,12865.7,186.4124074,30593.95117,175.7370562,1.104014874
Hong Kong,2008,16051.7,193.4151768,31515.52921,183.2416294,1.131019473
Hong Kong,2009,16047.8,178.1350554,30697.53839,170.2624989,0.965701699
Hong Kong,2010,6891.9,205.3225974,32550.13649,199.4479636,0.935810566
Hong Kong,2011,10546.9,212.8524165,35142.48793,209.0022901,0.94859612
Hong Kong,2012,10322.8,215.8495655,36730.7962,214.7189649,1.006289482
Hong Kong,2013,57200.8,221.6100603,38403.77771,221.0099588,0.922868311
Hong Kong,2014,11818.1,213.0904135,40315.37395,212.8854582,1.153228521
Hong Kong,2015,16454.7,195.8976016,42432.16197,193.5083476,1.035205364
Hong Kong,2016,12485.1,187.0051289,43734.19807,184.7221029,0.736158371
Hong Kong,2017,11997.3,188.9023996,46160.42979,187.8932671,0.818203509
Hong Kong,2018,36233.0,188.339507,48537.56689,188.5532665,0.776628256
Hong Kong,2019,12371.9,177.6513152,48359.0012,176.092206,-0.227037355
Hong Kong,2020,5522.6,176.3044824,46109.22999,174.3752226,0.056606669
Hong Kong,2021,7757.8,204.0142637,49770.56424,198.4454177,0.263934076
Hong Kong,2022,10757.0,194.486518,48825.84419,190.3946252,0.574927211
Hong Kong,2023,48790.1,176.7861614,50565.46477,176.1996869,0.673060536
Hungary,2004,675.5,59.56411777,10291.26947,64.05156833,0.828297615
Hungary,2005,2349.3,62.52152128,11212.2047,65.48328937,1.003100395
Hungary,2006,1058.5,73.80648648,11478.48916,75.42504509,0.98567611
Hungary,2007,1648.0,77.82216564,13934.60546,77.77926673,0.747096717
Hungary,2008,2503.6,79.20394486,15762.63225,79.24927925,0.75026387
Hungary,2009,858.7,74.35294962,13051.18318,70.95292771,0.536816299
Hungary,2010,352.9,81.25350355,13189.84339,76.58545654,0.685783744
Hungary,2011,957.3,86.19315032,14211.46056,80.56119689,0.743254066
Hungary,2012,831.3,86.08760971,12950.15945,80.0880889,0.67579478
Hungary,2013,345.5,85.39378521,13739.46202,79.08223958,0.796646118
Hungary,2014,511.6,87.02716411,14352.50188,81.33119098,0.669904828
Hungary,2015,242.7,87.43488414,12782.94126,79.85585436,0.737792492
Hungary,2016,94.1,86.11146346,13215.86053,77.86048104,0.64338094
Hungary,2017,230.3,85.74615334,14736.16682,79.2867025,0.796200514
Hungary,2018,356.5,83.3967795,16605.05705,79.30407928,0.737591445
Hungary,2019,1862.9,81.0657007,17012.85986,78.85985577,0.761921287
Hungary,2020,2461.5,78.08334231,16386.93088,76.21215648,0.837046862
Hungary,2021,669.4,79.42070356,19030.62813,79.30907923,0.798591256
Hungary,2022,400.2,89.50313014,18483.63669,94.304884,0.678676307
Hungary,2023,1716.3,80.83515021,22312.17903,76.27162575,0.731891811
Iceland,2004,32.7,32.40997895,47334.93065,38.02192311,1.457004666
Iceland,2005,249.3,30.3583868,56794.85016,42.09222857,1.444697142
Iceland,2006,4437.0,30.40556197,57492.93425,47.13059123,1.453826547
Iceland,2007,1491.1,32.84010136,69495.72674,41.8308122,1.485594153
Iceland,2008,497.0,40.3004024,56943.37045,42.3876243,1.215023875
Iceland,2009,129.1,48.71980508,41301.27322,40.67493813,1.190887213
Iceland,2010,414.7,51.74623384,43237.07295,41.90016434,1.022253633
Iceland,2011,112.8,54.54553626,47714.59223,46.86316549,1.244009733
Iceland,2012,40.1,54.92605472,45995.54788,49.15942075,1.245032072
Iceland,2013,4120.0,53.24775151,49804.983,45.54177209,1.287133694
Iceland,2014,133.4,51.51909795,54576.74481,45.14649394,1.246974587
Iceland,2015,42.2,51.65172145,52951.68151,44.16648646,1.298480988
Iceland,2016,41.9,47.48403629,61987.92636,40.84898734,1.346588731
Iceland,2017,36.8,45.73224001,72010.14903,41.24670697,1.337686777
Iceland,2018,111.9,46.04676239,74452.18907,42.59014458,1.394817352
Iceland,2019,102.7,43.71324844,68452.23622,39.14949734,1.61980617
Iceland,2020,37.5,33.30964505,59023.56635,34.66543058,1.37503159
Iceland,2021,17.5,37.35325877,69178.4047,39.29950886,1.372353315
Iceland,2022,54.8,45.80777814,75121.01523,46.26941299,1.249699235
Iceland,2023,784.5,43.441813,79960.09615,43.2880709,1.214403749
India,2004,9031.2,17.85912496,624.2588265,19.6446891,-1.28043294
India,2005,8306.8,19.60524669,710.4880804,22.39642292,-1.013880491
India,2006,23280.5,21.26794142,801.6683537,24.45653908,-1.065184236
India,2007,11337.7,20.79969975,1021.887077,24.88656893,-1.154295802
India,2008,25767.4,24.09735726,992.5195849,29.27086318,-1.109707355
India,2009,15155.2,20.40051937,1094.949746,25.87235027,-1.355547905
India,2010,18821.9,22.40093325,1347.519391,26.85427325,-1.2779845
India,2011,25230.1,24.54041132,1445.461275,31.08346869,-1.32679534
India,2012,20753.1,24.53443066,1429.321995,31.25929107,-1.289309859
India,2013,17014.6,25.4308613,1432.843975,28.41327065,-1.229174137
India,2014,12166.5,22.96796301,1553.883961,25.95422274,-0.99791199
India,2015,13592.1,19.81318916,1583.998159,22.10972471,-0.954773545
India,2016,17810.0,19.15823491,1707.508929,20.9242508,-0.960426509
India,2017,9489.5,18.79176484,1950.104683,21.95073212,-0.774099112
India,2018,10459.5,19.9278286,1966.254552,23.68914073,-0.997706771
India,2019,10408.9,18.6642649,2041.428637,21.24113863,-0.796846986
India,2020,7069.2,18.68247693,1907.042516,19.0756284,-0.84141922
India,2021,11457.6,21.39915833,2239.613844,24.02393045,-0.691076756
India,2022,42080.1,23.2515412,2347.448294,26.82372895,-0.615027368
India,2023,21769.2,21.44869778,2530.120313,23.5441445,-0.63507694
Indonesia,2004,170.0,32.21669462,1126.840044,27.54460022,-1.908605576
Indonesia,2005,484.2,34.06726763,1238.214476,29.92066824,-1.51817596
Indonesia,2006,746.4,31.03471631,1558.315628,25.6224105,-1.417666912
Indonesia,2007,1538.0,29.43571849,1823.219763,25.39353149,-1.198065758
Indonesia,2008,138.0,29.80828417,2124.554839,28.75311546,-1.056791544
Indonesia,2009,1217.0,24.15911967,2218.485419,21.3530017,-0.751153648
Indonesia,2010,118.7,24.29903094,3065.683484,22.40224294,-0.853916168
Indonesia,2011,5017.3,26.32735309,3579.464425,23.8526601,-0.770114183
Indonesia,2012,570.3,24.59437879,3632.27254,24.98851951,-0.593262792
Indonesia,2013,399.4,23.92357638,3566.602845,24.7137963,-0.519264638
Indonesia,2014,1201.2,23.6659846,3441.068085,24.41419099,-0.416824043
Indonesia,2015,1503.7,21.16017926,3288.222697,20.77746098,-0.619956315
Indonesia,2016,185.1,19.08899385,3521.469435,18.33234795,-0.379699737
Indonesia,2017,182.2,20.17730444,3798.883262,19.17819264,-0.504938722
Indonesia,2018,902.7,21.0027465,3860.953531,22.07156246,-0.55203402
Indonesia,2019,24637.8,18.5915278,4106.948562,19.03624974,-0.502143025
Indonesia,2020,48.0,17.33116828,3853.702888,15.64100712,-0.462311387
Indonesia,2021,260.0,21.41655564,4287.17314,18.78820264,-0.531449199
Indonesia,2022,742.6,24.50291169,4730.834848,20.96175851,-0.553894222
Indonesia,2023,942.2,21.7538472,4876.307745,19.58243967,-0.404375315
Ireland,2004,4355.1,80.47558008,47754.20232,66.11194573,1.17082572
Ireland,2005,2779.7,79.52769639,50933.02161,68.64788841,1.298666835
Ireland,2006,8404.5,79.03467626,54329.16186,70.98712848,1.192410588
Ireland,2007,6109.1,80.83679518,61396.41746,72.56006864,1.215192676
Ireland,2008,8375.3,84.33328243,61353.10656,75.70616173,1.18687439
Ireland,2009,14401.8,93.55616834,52133.09092,80.03532498,1.057366014
Ireland,2010,3372.2,103.2094204,48679.40268,86.65441733,1.020165324
Ireland,2011,3478.8,102.2575011,52692.78131,83.76834409,0.948998928
Ireland,2012,8651.1,103.6622343,49411.73875,86.40108355,0.941072702
Ireland,2013,5412.3,104.7688069,52619.21237,85.0490549,0.901075721
Ireland,2014,3269.0,110.3233716,57278.25909,91.33158831,1.052991152
Ireland,2015,6597.0,122.9246614,64311.82347,93.28101592,0.895332575
Ireland,2016,7375.1,124.1971803,64192.94181,105.5672528,0.833849669
Ireland,2017,5015.9,124.8149992,72198.1077,101.1386034,0.99341011
Ireland,2018,7727.9,122.9656029,80738.96288,93.45804488,1.011369586
Ireland,2019,11297.6,127.2715429,81810.19265,122.4742228,0.959416449
Ireland,2020,5143.3,135.4628767,86622.50673,114.6455756,0.965521574
Ireland,2021,7023.0,133.0550636,103961.9764,91.36377225,0.84366262
Ireland,2022,9437.6,136.6844401,105234.5116,95.44505044,0.884667397
Ireland,2023,20300.6,135.0582143,103887.8004,102.157667,0.901911557
Israel,2004,1941.6,37.203416,20568.06941,37.76978352,-1.322681308
Israel,2005,2095.4,38.81997315,21286.83886,39.50428823,-1.247522712
Israel,2006,6054.5,39.03666547,22527.26198,39.3986235,-1.259288788
Israel,2007,4572.6,38.73094278,25721.25941,40.10616351,-1.252032876
Israel,2008,11282.3,37.17357119,30269.21777,38.20735112,-1.323101997
Israel,2009,2578.8,31.82156684,28508.49389,29.85408113,-1.625210643
Israel,2010,5542.2,33.52837758,31439.0887,32.10470229,-1.341151714
Israel,2011,2886.1,34.18201941,34522.5216,34.72741844,-1.201318026
Israel,2012,2928.5,34.71841816,33321.43009,35.24660693,-1.07890439
Israel,2013,3625.6,32.80512063,37034.31611,31.3289305,-1.101284742
Israel,2014,2182.7,31.48905959,38343.30466,30.22429453,-1.039735317
Israel,2015,3773.6,30.8618662,36213.10415,28.03610572,-1.097817302
Israel,2016,2271.6,29.69600894,37671.53891,28.10302275,-0.799367249
Israel,2017,1910.6,28.97765876,41138.47096,27.3024555,-0.894905746
Israel,2018,2964.8,29.69250223,42362.66528,29.05125201,-0.918100238
Israel,2019,3816.8,28.98104225,44250.63136,27.34430639,-0.81556803
Israel,2020,2811.3,27.17229944,44575.5719,24.06437435,-0.887818515
Israel,2021,3234.3,28.82340462,52270.90402,26.07827959,-1.122313142
Israel,2022,9991.4,31.3853281,54949.62156,29.25952458,-1.228965402
Israel,2023,6340.9,30.41050263,52003.72007,27.57981809,-1.464848399
Italy,2004,8037.8,23.92684095,31348.19018,23.33955144,0.269257694
Italy,2005,13932.0,24.51185336,32062.72383,24.61032087,0.489115536
Italy,2006,10991.6,26.05306282,33537.1287,26.87048014,0.530733764
Italy,2007,20910.6,27.24505454,37826.17546,27.58298702,0.446970046
Italy,2008,34346.8,26.7427616,40828.57956,27.4714933,0.547544241
Italy,2009,21576.3,22.2771596,37099.6134,22.86431698,0.346905887
Italy,2010,17057.2,24.91865142,35856.86255,26.74346039,0.473923683
Italy,2011,20080.0,26.56298665,38432.37428,27.90922829,0.501207411
Italy,2012,19612.4,27.98518708,34854.39494,26.89930819,0.508217514
Italy,2013,21097.1,28.17744241,35701.6746,25.85674223,0.495499194
Italy,2014,12435.9,28.62240274,36028.3494,25.8321272,0.458165407
Italy,2015,15490.5,29.14411105,30639.88298,26.29157476,0.3632572
Italy,2016,15706.7,28.79874889,31391.56929,25.63339781,0.355933428
Italy,2017,22855.2,30.13988592,32844.11566,27.44310811,0.292910486
Italy,2018,27142.0,30.81350727,34904.10819,28.46147624,0.326271683
Italy,2019,12370.0,30.94987392,33812.78872,27.74431634,0.381114274
Italy,2020,11075.2,28.72585519,32091.48666,25.21362872,0.399345398
Italy,2021,22389.3,31.17160886,36852.54254,29.13036876,0.550520957
Italy,2022,31745.7,35.09914004,35653.90421,36.91736226,0.466298223
Italy,2023,27499.2,33.5347637,39065.42444,32.10609978,0.583320737
Japan,2004,85035.4,12.78626462,38298.98017,10.8780888,1.028315306
Japan,2005,47039.1,13.81589572,37812.89502,12.41405886,1.035769463
Japan,2006,79662.2,15.65737405,35991.546,14.35900205,1.138334513
Japan,2007,48786.9,17.28912737,35779.02454,15.52745068,1.010374546
Japan,2008,68545.2,17.23554338,39876.30397,16.89393316,0.894625247
Japan,2009,58487.9,12.41956575,41308.99684,11.97060079,0.9762519
Japan,2010,52616.5,14.91850345,44968.15623,13.57996924,0.879353166
Japan,2011,67895.1,14.77446226,48760.07895,15.42049847,0.995091975
Japan,2012,49220.3,14.41477461,49145.28043,16.0561363,0.948442876
Japan,2013,66897.3,15.78415673,40898.6479,18.19461192,1.019141912
Japan,2014,49881.9,17.41865535,38475.39525,20.01277922,0.968597353
Japan,2015,59658.3,17.43675984,34960.63938,17.99064852,1.054220557
Japan,2016,49541.1,16.05796924,39375.47316,15.25227761,0.968189001
Japan,2017,51752.4,17.5914391,38834.05293,16.83177447,1.100128055
Japan,2018,69367.1,18.3149456,39751.1331,18.2949862,1.037562728
Japan,2019,48438.8,17.46352643,40415.95676,17.75289168,1.019812346
Japan,2020,34518.8,15.53318286,40028.73417,15.80202577,1.02614522
Japan,2021,44905.3,18.10919194,40094.55998,18.62925429,1.015501738
Japan,2022,44100.2,21.54642412,34065.6439,25.26656271,1.032637239
Japan,2023,53572.6,21.85159124,33836.17563,23.29928832,0.951136231
Jordan,2004,22.8,52.18949684,1940.086413,82.43211509,-0.234758884
Jordan,2005,146.8,52.70458008,2087.870793,94.20431119,-0.132929385
Jordan,2006,142.9,53.87432789,2342.634596,87.87305394,-0.762317538
Jordan,2007,143.1,54.23491299,2506.205995,91.75933329,-0.300741792
Jordan,2008,533.8,56.05049657,3241.652414,84.8624294,-0.370714009
Jordan,2009,876.7,45.07547171,3435.833759,67.07652648,-0.356457055
Jordan,2010,587.2,46.99714264,3718.465716,67.22553505,-0.31249252
Jordan,2011,50.0,46.55057763,3946.855039,72.14910187,-0.513562262
Jordan,2012,699.3,45.22598541,4169.504701,72.62960228,-0.523977637
Jordan,2013,112.7,41.29560357,4311.219167,70.15592442,-0.606315255
Jordan,2014,699.8,42.13390771,4191.180501,67.80489783,-0.540025532
Jordan,2015,252.4,36.54443702,4042.756781,58.8134752,-0.60686487
Jordan,2016,78.9,34.39521007,3986.71677,54.32550783,-0.496246248
Jordan,2017,69.0,34.36836913,4065.616287,55.36323138,-0.434586674
Jordan,2018,136.7,34.79911584,4145.439897,52.83679935,-0.37985456
Jordan,2019,47.2,36.33494044,4170.1144,49.35289306,-0.276885152
Jordan,2020,16.0,23.89994196,4022.040136,42.16000685,-0.268401831
Jordan,2021,8.7,29.95841426,4183.499983,50.37445569,-0.312566459
Jordan,2022,60.3,42.53746716,4332.251599,61.55799228,-0.234430954
Jordan,2023,1157.5,43.51688339,4466.083142,56.83098536,-0.202734202
Kazakhstan,2004,605.6,52.50041043,2722.474078,43.90878928,0.070387974
Kazakhstan,2005,363.6,53.19435825,3577.35804,44.56814477,0.190631837
Kazakhstan,2006,205.3,50.97529784,5030.134947,40.47822896,0.207937807
Kazakhstan,2007,43.1,49.31282089,6449.439311,42.84881221,0.647996783
Kazakhstan,2008,221.1,57.14638494,8123.547059,37.14841971,0.626638472
Kazakhstan,2009,631.8,41.83842245,6938.011757,33.92764502,0.776816249
Kazakhstan,2010,656.9,44.2441795,8793.0759,29.8940864,0.522971809
Kazakhstan,2011,241.3,46.46466279,11287.14649,26.65319426,-0.338570565
Kazakhstan,2012,35.0,44.10966304,12018.79665,29.61406945,-0.408455014
Kazakhstan,2013,46.7,38.61703772,13478.45963,26.79057161,-0.402473897
Kazakhstan,2014,221.1,39.34175809,12427.70946,25.63027656,0.036018156
Kazakhstan,2015,10.3,28.51670801,10196.12263,24.5330208,-0.038353074
Kazakhstan,2016,180.3,31.84388864,7475.566887,28.46770794,0.001462973
Kazakhstan,2017,53.2,32.39775294,8943.084168,24.427635,0.02434968
Kazakhstan,2018,53.8,37.62521843,9472.485273,25.90273809,-0.052402258
Kazakhstan,2019,220.9,36.4389871,9457.126147,28.41962945,-0.16803734
Kazakhstan,2020,34.2,30.5289068,8781.507978,26.49753557,-0.257566839
Kazakhstan,2021,299.50803,33.64486212,9983.601036,25.02374645,-0.232230723
Kazakhstan,2022,34.0,41.5690089,11255.33964,26.76530584,-0.468353838
Kazakhstan,2023,257.7,34.50966069,12879.42753,27.45272364,-0.273346007
Kenya,2004,10.8,26.61025858,463.6627813,32.86674477,-1.087354779
Kenya,2005,41.2,28.50903021,523.4563124,35.96983595,-1.250505924
Kenya,2006,80.8,22.98493964,699.8023706,32.25154548,-1.126983285
Kenya,2007,263.0,21.91899129,840.2014395,31.97579751,-1.305442214
Kenya,2008,441.1,22.67405755,915.5443547,34.90454109,-1.393615365
Kenya,2009,328.7,18.77494549,1047.967832,27.17024632,-1.425580621
Kenya,2010,3316.4,20.12435965,1091.518731,30.2699277,-1.165523529
Kenya,2011,407.6,21.54947707,1096.144998,36.8527289,-1.244790792
Kenya,2012,385.1,19.86494772,1285.005362,31.7587443,-1.323441267
Kenya,2013,546.2,17.79218055,1370.878852,29.67246196,-1.166930914
Kenya,2014,544.6,16.47280447,1482.815663,29.6976849,-1.282247186
Kenya,2015,923.9,15.1287339,1489.119598,25.19865079,-1.241347909
Kenya,2016,255.9,13.2497448,1554.126103,21.61527477,-1.354456544
Kenya,2017,309.4,12.73665994,1667.484472,23.25839793,-1.12843883
Kenya,2018,388.8,12.54197533,1836.452755,21.87277784,-1.179712296
Kenya,2019,179.3,11.42799569,1960.408089,20.33146615,-1.105763435
Kenya,2020,137.5,9.641868882,1927.66459,17.59594664,-1.007240057
Kenya,2021,619.0,10.76957434,2061.356221,20.05472884,-1.032437444
Kenya,2022,471.0,12.19196922,2109.562885,21.49916951,-0.947280884
Kenya,2023,1449.6,11.68610544,1952.304579,20.40597384,-0.937771916
Kuwait,2004,832.3,56.91711338,27552.28274,32.3805283,0.345240027
Kuwait,2005,8513.7,63.9760609,36122.61427,28.2666192,0.253690273
Kuwait,2006,17292.0,65.54573372,42946.63741,24.16735947,0.412733108
Kuwait,2007,1153.5,63.4150384,45709.41329,28.31746499,0.620643914
Kuwait,2008,15490.5,66.75954952,55585.18893,25.92390673,0.501767993
Kuwait,2009,3765.0,59.43363435,37907.10013,29.37743063,0.353407443
Kuwait,2010,3510.0,66.67351127,39212.25222,30.35451039,0.451988816
Kuwait,2011,3407.2,73.21767497,49169.6064,25.89881776,0.311102718
Kuwait,2012,1173.6,74.73183717,52155.22255,26.27959801,0.203606218
Kuwait,2013,10959.1,70.86101793,49651.04397,26.74447332,0.16605559
Kuwait,2014,211.1,68.50552508,44368.78137,31.5316647,0.149006546
Kuwait,2015,4068.1,53.76537238,29882.21269,44.93461594,-0.219549298
Kuwait,2016,1941.1,47.63228528,27323.68906,48.52538713,-0.056500711
Kuwait,2017,4141.2,51.19631565,29047.65358,46.64373092,-0.051229097
Kuwait,2018,2426.0,57.31146277,32067.96237,45.47416791,0.090642102
Kuwait,2019,635.8,52.05825607,31707.87375,39.62745631,0.175173387
Kuwait,2020,363.8,43.71285322,25236.07555,38.29789261,0.225232258
Kuwait,2021,2212.5,51.72569262,34018.63429,30.27468249,0.263065904
Kuwait,2022,456.8,60.44859454,39981.7691,30.47021567,0.291892022
Kuwait,2023,3306.2,58.2,34075.84904,41.47,0.408179194
Latvia,2004,138.4,40.62515024,6109.732652,56.61011534,0.616755247
Latvia,2005,213.5,44.80522717,7283.787381,59.71192944,0.814021409
Latvia,2006,313.7,41.95307744,9211.737447,63.74226464,0.838368714
Latvia,2007,201.3,40.38644259,13370.97895,60.49446828,0.561930537
Latvia,2008,518.3,41.23453214,15677.60809,54.5336307,0.203508124
Latvia,2009,621.3,43.3960592,11996.03227,45.4359903,0.348279804
Latvia,2010,732.7,54.36545551,11188.41917,56.49689836,0.527854025
Latvia,2011,193.2,61.80174356,12902.57405,67.93301446,0.320002139
Latvia,2012,74.9,63.83151492,13329.34999,69.37998873,0.453626722
Latvia,2013,88.5,62.57598027,14484.47153,67.10120466,0.593635261
Latvia,2014,51.9,63.57210163,15185.81458,66.47015062,0.487268358
Latvia,2015,308.1,62.59556256,13321.97531,63.78445185,0.43631041
Latvia,2016,134.5,61.92841964,13838.52668,61.40209878,0.467219561
Latvia,2017,85.4,64.13995426,15132.49583,64.57404906,0.45295468
Latvia,2018,449.5,63.86981869,17252.17104,64.36427687,0.395444006
Latvia,2019,92.5,62.53684302,17294.97516,62.75478869,0.426870435
Latvia,2020,42.9,62.65924226,17564.23215,61.22395578,0.462181747
Latvia,2021,51.7,66.81127696,20261.88878,69.98533846,0.673440218
Latvia,2022,252.5,77.47800777,20227.23074,82.36633709,0.486409128
Latvia,2023,521.9,66.4606129,22675.57863,70.17142207,0.591089129
Lebanon,2004,85.9,35.05490455,4600.683714,55.91789248,-0.713360965
Lebanon,2005,660.8,36.62353871,4602.198046,56.13911756,-0.999740839
Lebanon,2006,3282.7,35.58965751,4635.251412,55.47973952,-1.803862691
Lebanon,2007,426.9,37.141517,5125.2581,60.82619096,-2.119095325
Lebanon,2008,451.7,38.54565444,5912.045328,68.08001874,-1.876608849
Lebanon,2009,569.0,33.1957017,7090.854939,57.20213716,-1.561696887
Lebanon,2010,147.1,35.02312287,7625.810516,60.07353008,-1.62501502
Lebanon,2011,184.6,36.36309723,7834.962571,65.77678518,-1.558287501
Lebanon,2012,164.0,28.80921288,8406.984056,59.73628904,-1.664812326
Lebanon,2013,145.0,26.64675475,8162.379294,59.52757385,-1.690353394
Lebanon,2014,74.1,23.7561645,7577.64133,56.06099209,-1.697941303
Lebanon,2015,117.6,23.13966773,7714.11,48.69937491,-1.698364496
Lebanon,2016,166.8,21.72615589,8089.012088,45.9974619,-1.615684032
Lebanon,2017,263.1,21.92693319,8608.21085,46.52849607,-1.622227669
Lebanon,2018,45.9,20.75452116,9174.536662,47.50278615,-1.621600509
Lebanon,2019,92.5,20.69775896,8905.880055,42.28315705,-1.672357082
Lebanon,2020,34.3,16.37258687,5561.19167,33.75721742,-1.621175408
Lebanon,2021,407.0,26.02562769,4045.373911,52.80299271,-1.482004881
Lebanon,2022,113.1,34.82877925,3654.358455,80.05949902,-1.422575474
Lebanon,2023,176.1,30.55141197,3477.724898,73.6549981,-1.519039154
Lithuania,2004,85.6,48.52333854,6734.574871,55.54873215,0.76600486
Lithuania,2005,577.5,55.11377693,7857.031488,62.33591423,0.779100299
Lithuania,2006,2679.4,57.16507121,9210.101182,67.44856184,0.870995998
Lithuania,2007,286.8,51.60057855,12295.12128,64.69523178,0.817851543
Lithuania,2008,582.2,57.58072613,14955.53455,69.1789817,0.746765077
Lithuania,2009,293.0,51.6425314,11854.37111,53.39771984,0.631581247
Lithuania,2010,210.2,64.79851345,11829.12261,66.82799395,0.715260625
Lithuania,2011,120.9,73.46921696,14261.84338,76.17608997,0.671200335
Lithuania,2012,657.9,78.62606836,14288.18535,78.01285729,0.786209881
Lithuania,2013,308.9,79.04193858,15636.52526,77.58469935,0.964532316
Lithuania,2014,109.3,72.61021239,16446.16472,70.67990339,0.742136419
Lithuania,2015,609.8,68.60438078,14269.80399,69.59119423,0.749750257
Lithuania,2016,185.2,67.70942489,14934.27028,66.98102476,0.814721227
Lithuania,2017,137.6,73.60634061,16800.15102,71.31205249,0.765565991
Lithuania,2018,565.0,74.52951913,19247.23154,72.67261339,0.729236841
Lithuania,2019,687.1,76.81872299,19608.79439,71.55627302,0.770623565
Lithuania,2020,710.1,72.4346855,20428.64782,63.36188006,0.92147696
Lithuania,2021,569.8,79.62993851,23870.45949,75.17678916,0.809846818
Lithuania,2022,334.8,86.77984929,25085.78406,88.87176286,0.653032541
Lithuania,2023,2894.2,76.4728581,27786.00578,72.56905091,0.742111504
Luxembourg,2004,1377.6,143.7343636,76544.91709,121.4925213,1.315435052
Luxembourg,2005,1659.3,153.8244098,80988.13762,130.2530671,1.331648588
Luxembourg,2006,1672.1,167.7403117,90788.80049,138.1392358,1.399898887
Luxembourg,2007,6846.4,169.5767055,107475.3203,137.9083146,1.483718038
Luxembourg,2008,11696.7,161.4947618,120422.1379,130.718719,1.511939526
Luxembourg,2009,3581.5,147.925083,109419.747,115.6076185,1.450381756
Luxembourg,2010,3275.3,162.7098571,110885.9914,130.9620198,1.461218596
Luxembourg,2011,5021.1,169.4891234,119025.0572,139.2253304,1.317426801
Luxembourg,2012,3192.2,171.2117881,112584.6763,140.5750471,1.331918836
Luxembourg,2013,2756.3,176.3833309,120000.1407,144.1501754,1.335248113
Luxembourg,2014,3224.1,182.7825924,123678.7021,150.6462608,1.378323793
Luxembourg,2015,6610.8,191.835449,105462.0126,159.2965253,1.426368237
Luxembourg,2016,5203.1,191.0986337,106899.2935,157.3387756,1.403617144
Luxembourg,2017,4307.2,192.7475035,110193.2138,161.0464884,1.312893629
Luxembourg,2018,9172.3,197.2182,116926.7596,164.6472452,1.347490549
Luxembourg,2019,8273.7,206.5801458,112696.6491,176.0806347,1.333313584
Luxembourg,2020,4858.1,204.4369623,116860.0282,171.1444341,1.212482333
Luxembourg,2021,5203.4,215.618163,134965.8154,181.8880179,1.194079518
Luxembourg,2022,17716.6,222.3084562,123719.6589,189.8687138,1.064390063
Luxembourg,2023,10310.6,217.7664762,131407.6814,186.6918587,1.054001689
Malaysia,2004,6811.7,115.3733377,4939.248519,95.00092818,0.348003983
Malaysia,2005,5240.9,112.8989768,5555.5818,90.95566782,0.566449165
Malaysia,2006,4515.1,112.1854808,6158.407855,90.391666,0.288379699
Malaysia,2007,17157.6,106.1682749,7168.930319,86.29723149,0.193307161
Malaysia,2008,15145.7,99.49957724,8371.821561,77.16874754,0.108542368
Malaysia,2009,14206.6,91.41679187,7191.432872,71.14217859,-0.04166092
Malaysia,2010,21464.8,86.93029507,8899.345055,71.01446982,0.143352136
Malaysia,2011,3264.2,85.25544211,10217.10686,69.6822425,0.077409767
Malaysia,2012,19807.3,79.29991393,10600.57442,68.54184084,-0.005212402
Malaysia,2013,4314.9,75.62904103,10713.64076,67.09195043,0.051791593
Malaysia,2014,10196.3,73.79349863,11013.31073,64.51873255,0.266619146
Malaysia,2015,9437.8,69.4486909,9648.679794,61.92138155,0.253947318
Malaysia,2016,27584.6,66.77544545,9476.534098,60.12356457,0.129485935
Malaysia,2017,4610.8,70.01174251,9862.548066,63.14343086,0.111209631
Malaysia,2018,9050.3,68.55497142,10901.802,61.84765408,0.248113677
Malaysia,2019,2290.8,65.27776684,10920.19176,57.75079519,0.146480128
Malaysia,2020,1663.3,61.57793591,9957.526267,55.21024653,0.125864699
Malaysia,2021,1938.7,70.63305555,10903.11164,63.40293914,0.059556548
Malaysia,2022,4351.7,76.85018864,11748.09193,69.65522964,0.163117811
Malaysia,2023,3166.8,68.58190098,11379.08519,63.4824063,0.168514699
Malta,2004,62.7,75.0973753,15212.1313,80.79247555,1.317642331
Malta,2005,130.9,74.2239519,15831.34398,83.32542134,1.380357146
Malta,2006,17.1,89.18008793,16653.60383,93.25400325,1.231257558
Malta,2007,61.1,90.85376371,19444.17436,93.97758113,1.269631863
Malta,2008,181.0,91.47245119,22315.31048,94.2768987,1.27317667
Malta,2009,764.3,81.03351247,21176.32167,82.52373643,1.249360085
Malta,2010,19.3,89.6242475,21946.60702,88.60850603,1.253456235
Malta,2011,540.1,97.44178522,23516.96913,94.5865983,1.06393671
Malta,2012,56.7,100.7986669,22878.31313,98.41480619,1.065075159
Malta,2013,106.3,97.66915289,25415.55668,89.76203423,1.042757869
Malta,2014,128.7,96.92957953,27424.57654,84.3709873,1.125496984
Malta,2015,4.0,108.7325185,25529.68131,98.46387973,1.05367744
Malta,2016,47.0,113.1665114,26459.07721,100.1928805,1.066459775
Malta,2017,170.5,116.6266642,30317.24434,96.42121428,1.238308907
Malta,2018,85.7,123.3493037,33382.26775,104.749247,1.271649122
Malta,2019,463.2,124.5200399,32421.91798,108.550402,1.013645053
Malta,2020,153.0,136.0580448,31833.59638,120.3449222,0.998477995
Malta,2021,118.1,118.5672451,38065.35435,102.1714563,0.887514472
Malta,2022,641.1,128.4104596,36224.282,115.0049227,0.911014318
Malta,2023,165.3,124.5941821,40182.43139,107.8725829,0.858121693
Mexico,2004,2284.1,25.10335601,7849.667596,26.93726403,-0.21408245
Mexico,2005,451.3,25.48707383,8671.758919,27.07557082,-0.445820868
Mexico,2006,1703.3,26.55474817,9512.635753,27.92736792,-0.636888444
Mexico,2007,2423.6,26.78106133,10134.33271,28.47746307,-0.729851604
Mexico,2008,1125.7,27.02006123,10523.76854,29.34522064,-0.804012358
Mexico,2009,1882.7,26.51326972,8423.569332,28.07847241,-0.686627805
Mexico,2010,1356.4,29.01746012,9728.800782,30.25592442,-0.726463437
Mexico,2011,8659.1,30.44296622,10664.4944,31.71942104,-0.667768598
Mexico,2012,3216.0,31.5394504,10744.13352,32.7184815,-0.662454188
Mexico,2013,3488.7,30.75580058,11216.80085,31.93587419,-0.714223802
Mexico,2014,2503.7,31.4629922,11391.37735,32.63541683,-0.853918791
Mexico,2015,3000.3,34.16277269,10021.23861,36.25020199,-0.801780105
Mexico,2016,2114.2,36.81567725,9097.923977,38.87462616,-0.633718133
Mexico,2017,2732.3,37.51408862,9649.278168,39.43803742,-0.80641979
Mexico,2018,4828.7,39.04393045,10084.79376,41.16873122,-0.67384702
Mexico,2019,7380.9,38.52965079,10369.55536,38.93232147,-0.841869175
Mexico,2020,2143.8,39.23537209,8841.270751,37.61918361,-0.791455746
Mexico,2021,2235.9,40.5691932,10314.05067,42.50010443,-0.687615871
Mexico,2022,3807.0,42.94604483,11402.14104,45.88088995,-0.689268112
Mexico,2023,1463.4,36.16667034,13826.13066,37.60286278,-0.630761027
Netherlands,2004,23472.1,62.59591815,40611.34144,54.36224187,1.016239166
Netherlands,2005,20008.2,65.58589244,42165.39617,56.66995708,0.988100886
Netherlands,2006,33723.2,68.14572964,45123.54324,59.0498839,0.902736187
Netherlands,2007,22390.5,68.71004777,52100.79963,61.08819397,0.778468788
Netherlands,2008,38276.4,69.60566499,58246.70269,60.54638499,0.863551974
Netherlands,2009,32798.2,61.60181411,53172.02616,53.50784626,0.945019245
Netherlands,2010,31193.5,69.28736497,51305.73385,60.79434296,0.940750122
Netherlands,2011,17427.0,75.17518708,54701.7728,66.58191225,1.113630772
Netherlands,2012,11170.7,79.57559037,50473.9442,69.81763269,1.187464714
Netherlands,2013,14563.2,80.37117225,52602.28605,70.28067798,1.143815398
Netherlands,2014,18353.6,81.38226154,53457.22349,70.33362952,1.045115352
Netherlands,2015,13635.3,83.99184753,45793.81354,76.33396503,0.912540197
Netherlands,2016,9290.5,80.90950116,46808.52915,70.05602805,0.896933198
Netherlands,2017,17175.9,85.17954721,49513.68173,74.46651244,0.907123685
Netherlands,2018,47016.7,87.05645945,53955.077,76.50268712,0.838281274
Netherlands,2019,24976.4,85.32093949,53554.90075,75.35573239,0.821324944
Netherlands,2020,19533.7,81.24152595,53467.92774,70.99170446,0.830933392
Netherlands,2021,22060.5,86.4500028,60141.98809,76.70483989,0.893059194
Netherlands,2022,26689.3,96.44362158,59123.31856,87.66386267,0.726799548
Netherlands,2023,34562.1,88.53708181,64572.00596,77.3683752,0.658281982
New Zealand,2004,248.8,29.54341061,25420.23488,29.25614167,1.500026584
New Zealand,2005,132.3,28.28516543,27751.06547,29.73357801,1.252252102
New Zealand,2006,514.1,29.60861375,26654.5932,29.99465129,1.254492283
New Zealand,2007,497.6,29.27311395,32479.98174,29.15204663,1.24336648
New Zealand,2008,644.1,32.00520436,31324.7398,32.2559405,1.162643433
New Zealand,2009,787.7,28.66545841,28276.72554,26.34889178,1.07115531
New Zealand,2010,1710.9,30.19729613,33761.90096,27.90744447,1.236488819
New Zealand,2011,993.2,30.36010691,38431.77668,28.81230365,1.376731038
New Zealand,2012,1824.5,28.80151978,40053.69915,28.10724741,1.361365557
New Zealand,2013,2533.2,28.79762324,43000.46468,27.18850087,1.453926563
New Zealand,2014,3361.9,27.95440418,44618.26697,27.14425092,1.467927575
New Zealand,2015,580.9,27.93374783,38665.3723,26.9175839,1.511137605
New Zealand,2016,1084.5,26.61137432,40113.71954,25.79487349,1.501143336
New Zealand,2017,1578.5,27.56344166,42950.38417,26.57985538,1.561946034
New Zealand,2018,1043.8,27.86561523,43257.07692,27.90086626,1.512162924
New Zealand,2019,1082.6,27.32983419,42779.22982,27.12446299,1.416953564
New Zealand,2020,962.9,21.69714828,41850.92033,22.280094,1.468353748
New Zealand,2021,711.3,22.30988598,49689.49813,26.23136178,1.39449656
New Zealand,2022,1745.5,24.04738732,48760.03819,29.42877545,1.321169138
New Zealand,2023,1438.9,23.71501174,48654.90423,26.69141994,1.358569622
Nigeria,2004,21.8,,962.4810419,,-1.754415751
Nigeria,2005,24.6,,1211.377035,,-1.666500449
Nigeria,2006,350.7,,1599.538916,,-2.034077644
Nigeria,2007,174.6,,1815.526975,,-2.014056444
Nigeria,2008,676.6,,2154.105435,,-1.860711932
Nigeria,2009,1476.1,,1820.486339,,-1.994553804
Nigeria,2010,672.7,,2202.25673,,-2.211123228
Nigeria,2011,1042.1,,2418.41317,,-1.956454515
Nigeria,2012,664.0,,2633.197347,,-2.042073727
Nigeria,2013,2695.7,,2872.790834,,-2.088478327
Nigeria,2014,765.9,,3088.721313,,-2.130276442
Nigeria,2015,962.4,,2585.733607,,-1.921705127
Nigeria,2016,502.5,,2070.412734,,-1.873888969
Nigeria,2017,87.8,,1876.340271,,-1.99671793
Nigeria,2018,281.6,,2057.879446,,-2.097527027
Nigeria,2019,3057.8,,2265.155209,,-1.933154821
Nigeria,2020,262.9,,2019.657063,,-1.892014623
Nigeria,2021,559.9,,2017.274865,,-1.787384629
Nigeria,2022,719.7,,2139.374785,,-1.778901458
Nigeria,2023,631.4,,1596.636961,,-1.768438339
Norway,2004,11938.1,41.11014734,57768.6981,27.56180643,1.196618319
Norway,2005,6361.0,43.44205941,67047.17046,27.02739108,1.295277238
Norway,2006,3730.9,44.53732374,74434.49968,27.12260621,1.252705693
Norway,2007,9187.4,42.95755313,85502.26771,28.98447318,1.145552516
Norway,2008,9153.0,46.2181009,97503.54078,28.56717904,1.285434484
Norway,2009,7685.8,39.81014972,80347.57007,27.65416574,1.276532531
Norway,2010,5348.3,40.15032907,88163.20859,28.08919029,1.332311511
Norway,2011,6930.3,41.66126617,101221.8135,27.93746746,1.337976933
Norway,2012,6916.7,41.28706485,102175.9193,27.21148798,1.327469826
Norway,2013,3919.1,39.86130953,103553.8401,28.11148306,1.352091908
Norway,2014,3171.4,39.72767204,97666.69518,29.40970518,1.11995852
Norway,2015,10689.4,38.57518873,74809.9658,31.85666781,1.145620108
Norway,2016,2590.4,35.93817143,70867.361,33.17867097,1.181620955
Norway,2017,5502.8,36.73226499,76131.8384,32.37651677,1.150701761
Norway,2018,5131.1,38.22102729,82792.84271,31.7821685,1.120848536
Norway,2019,6296.6,36.64092532,76430.58895,34.25489521,1.142112136
Norway,2020,17039.2,32.21033778,68340.0181,33.14364126,1.221605778
Norway,2021,9384.3,43.03630192,93072.89251,28.18641186,1.088626385
Norway,2022,11048.7,55.49982077,109269.5206,27.10965906,0.861239254
Norway,2023,18787.4,47.91209903,87497.32893,32.45174661,0.892857432
Pakistan,2004,104.4,11.42297035,771.9022473,13.3853645,-1.582877994
Pakistan,2005,386.5,12.25184175,827.6198612,17.6266523,-1.751388311
Pakistan,2006,141.9,12.54894663,900.873565,20.50077274,-2.024678469
Pakistan,2007,42.0,11.62507656,998.0901142,19.16280487,-2.432705164
Pakistan,2008,1285.2,11.87581528,1067.043246,22.47314553,-2.573009491
Pakistan,2009,22.0,12.39098821,963.7880664,20.93589908,-2.64452672
Pakistan,2010,117.2,12.63722456,987.3045711,19.35177749,-2.675933123
Pakistan,2011,221.8,13.48255486,1131.735138,18.88008341,-2.810035467
Pakistan,2012,47.3,11.87396415,1204.364755,19.44500913,-2.677003622
Pakistan,2013,819.6,12.1774992,1225.434012,18.71277514,-2.603302002
Pakistan,2014,198.5,11.19497174,1266.613408,18.27485395,-2.401279211
Pakistan,2015,76.3,9.974570951,1380.470208,16.71361507,-2.471883535
Pakistan,2016,252.6,8.736716391,1424.691612,15.96486166,-2.473873854
Pakistan,2017,79.1,8.221611344,1519.234595,17.25042366,-2.396912098
Pakistan,2018,38.5,8.581799606,1569.338146,19.04425747,-2.2540133
Pakistan,2019,697.5,9.390863539,1390.41691,19.51471345,-2.251743078
Pakistan,2020,107.3,9.298559442,1278.397352,17.41772129,-1.792694926
Pakistan,2021,92.1,9.051599889,1455.319224,17.97882052,-1.713735461
Pakistan,2022,98.1,10.54059027,1538.322813,22.49076321,-1.839826345
Pakistan,2023,617.2,10.48076675,1365.169274,18.12181065,-1.932730794
Peru,2004,684.0,22.91223375,2397.251473,19.02384452,-1.027399659
Peru,2005,2.2,26.84876111,2706.669473,20.50855637,-0.975715458
Peru,2006,6.7,30.53663645,3129.559965,21.24841958,-0.841553807
Peru,2007,307.8,31.52211653,3581.089308,24.16599675,-0.774885893
Peru,2008,8.0,29.72763021,4197.584446,28.70613718,-0.892661691
Peru,2009,357.1,26.44205274,4181.187555,21.66987688,-1.180047989
Peru,2010,26.6,27.82616415,5072.11494,23.84664478,-0.999915421
Peru,2011,253.4,30.50275976,5861.357936,25.48552053,-0.760749698
Peru,2012,278.6,27.44961437,6519.37853,25.17028089,-0.907364726
Peru,2013,333.1,24.80829942,6746.800257,24.97884303,-0.80573976
Peru,2014,660.2,22.60697038,6667.134104,24.24615072,-0.550656915
Peru,2015,405.6,21.28732529,6231.711503,23.8754434,-0.398910075
Peru,2016,98.9,22.60031374,6217.036,22.78852746,-0.207934842
Peru,2017,87.4,24.71987197,6736.166937,22.79367839,-0.26350987
Peru,2018,269.3,25.19218467,6978.491215,23.4392855,-0.276880771
Peru,2019,230.3,24.03908743,7037.008037,22.90441794,-0.163622618
Peru,2020,108.2,23.01144314,6133.325524,21.23452405,-0.357722938
Peru,2021,281.8,29.23585959,6826.202556,26.19138977,-0.355252951
Peru,2022,137.1,28.83186077,7350.630343,28.46511519,-0.487095445
Peru,2023,381.2,27.13530582,7887.541859,23.64987838,-0.521785557
Philippines,2004,749.2,41.82684099,1099.63013,45.29844383,-1.705884457
Philippines,2005,80.6,41.23003922,1220.460186,42.61563535,-1.178786635
Philippines,2006,295.7,41.24545937,1426.146492,39.6050793,-1.638671637
Philippines,2007,1614.4,38.01418634,1712.655433,35.63079365,-1.604885697
Philippines,2008,567.2,33.35683324,1959.292335,34.32423753,-1.779236317
Philippines,2009,1614.8,30.2195256,1864.450434,30.66706519,-1.728763223
Philippines,2010,1985.8,32.87482972,2162.913759,33.22944879,-1.650759578
Philippines,2011,310.8,29.10542888,2383.918925,31.69040782,-1.392181635
Philippines,2012,3961.5,27.46707386,2614.616444,30.37493166,-1.18824029
Philippines,2013,1066.8,26.17741981,2781.279577,29.64736142,-1.084253192
Philippines,2014,1862.3,27.35450419,2866.838038,30.1136679,-0.713820934
Philippines,2015,1999.7,27.20805724,2909.85818,31.93353487,-0.854724228
Philippines,2016,539.7,26.67300334,2985.19564,35.10306242,-1.378690362
Philippines,2017,1148.9,29.55229085,3038.12125,38.61607889,-1.189291
Philippines,2018,7909.6,30.21360537,3168.510366,41.94979293,-1.096203804
Philippines,2019,1596.2,28.38292001,3400.789498,40.45892225,-0.928060651
Philippines,2020,1190.9,25.20283931,3227.579102,32.96672099,-0.778704286
Philippines,2021,368.0,25.75203492,3484.385939,37.7325749,-0.984022319
Philippines,2022,4146.7,28.38740155,3548.069306,44.04228206,-0.65526855
Philippines,2023,1544.2,26.63684935,3804.082741,40.78311997,-0.56605047
Poland,2004,610.4,34.06216961,6711.727153,36.91940696,0.153857663
Poland,2005,489.4,34.52546228,8043.923323,35.78601681,0.363082945
Poland,2006,1095.3,37.65804123,9068.855283,40.04276232,0.354031831
Poland,2007,2055.1,38.47111642,11272.52937,42.27428264,0.68284601
Poland,2008,1630.0,37.6687727,14048.56047,42.90590886,0.911096275
Poland,2009,932.4,37.00405047,11556.30269,37.96454606,0.938135386
Poland,2010,2107.0,39.89220685,12567.73177,42.33364548,1.01733005
Poland,2011,661.5,42.31819097,13867.66694,44.60549831,1.072062969
Poland,2012,970.6,44.02290164,13087.42094,44.80700167,1.04947865
Poland,2013,1051.4,45.76728816,13621.90238,44.65021908,0.973354995
Poland,2014,1469.4,46.22067203,14262.28419,45.81334768,0.842940807
Poland,2015,1536.0,47.16163673,12637.52203,45.09379055,0.862319052
Poland,2016,444.9,49.90642886,12464.0121,46.95947394,0.496157646
Poland,2017,1101.3,51.69252758,13913.34152,48.87336767,0.509756148
Poland,2018,3748.3,52.23257544,15658.21059,50.20988672,0.480488688
Poland,2019,1469.2,52.61289348,15874.52205,48.96814034,0.550716519
Poland,2020,1271.6,52.43388552,16150.9291,46.82520571,0.491619498
Poland,2021,3166.2,57.03797607,18635.50888,53.83630695,0.491903543
Poland,2022,2343.5,62.35251625,18891.21353,60.66881661,0.505146444
Poland,2023,5444.8,57.88127102,22145.26431,52.14366402,0.559584558
Portugal,2004,2110.2,27.66705156,18064.15809,35.53754211,0.969877243
Portugal,2005,850.0,27.08416755,18780.12751,35.86033701,1.016647577
Portugal,2006,1605.4,30.35740444,19839.45405,38.18964868,0.952390611
Portugal,2007,4380.2,31.19418457,22811.05648,38.75193301,0.821809351
Portugal,2008,11668.1,31.26107908,24949.04136,40.81466384,0.987546325
Portugal,2009,9400.0,27.29374272,23151.21541,34.19895081,0.787381768
Portugal,2010,4593.3,30.02758512,22551.9351,37.66165507,0.717686951
Portugal,2011,1812.2,34.41151309,23246.54254,38.59606258,0.741739273
Portugal,2012,3251.2,37.72350572,20593.42742,38.217601,0.775272608
Portugal,2013,3216.9,39.56395033,21676.48596,38.46655535,0.748763442
Portugal,2014,2126.0,40.18509058,22120.68501,40.03557849,0.806274414
Portugal,2015,1336.1,40.68766641,19215.7813,39.94700922,0.904212952
Portugal,2016,4155.9,40.35508893,19980.28089,39.16725756,0.958625793
Portugal,2017,818.3,42.94267865,21442.38428,41.86511366,1.106169701
Portugal,2018,1516.3,43.67758057,23541.14011,43.05811492,1.115307212
Portugal,2019,4440.2,43.65312594,23343.3629,43.11786297,1.051751852
Portugal,2020,3559.6,37.25601513,22299.40441,39.25262559,1.008731127
Portugal,2021,5984.5,41.54842718,24711.45101,44.32511803,0.937390149
Portugal,2022,16825.7,49.4816822,24620.51956,51.88246511,0.795802593
Portugal,2023,2881.6,47.50644206,27386.29206,46.35734864,0.712578118
Qatar,2004,203.4,64.16822495,41035.50084,26.20420389,1.123904943
Qatar,2005,391.9,65.08504482,53949.67641,29.66049935,1.027679205
Qatar,2006,1591.1,62.81773017,62582.44531,35.75318915,0.926921546
Qatar,2007,847.4,60.27737186,65954.34195,35.83673385,0.952527702
Qatar,2008,8297.8,61.36235262,80781.40392,28.07048903,1.114876628
Qatar,2009,13544.7,51.13487609,60785.73516,29.00928688,1.223285079
Qatar,2010,1576.6,62.3196826,77387.32679,23.75060735,1.15385592
Qatar,2011,10286.8,72.61970914,103261.5065,26.10192955,1.174731016
Qatar,2012,7889.7,76.47241908,108470.3788,29.27387535,1.223598838
Qatar,2013,1155.6,72.71783502,103697.0084,29.66537308,1.212546468
Qatar,2014,116.6,67.99811813,95840.63101,31.03625661,0.977457762
Qatar,2015,512.9,57.06147777,68985.2947,36.64612641,0.983597457
Qatar,2016,621.4,47.71384149,61253.63755,41.83375863,0.884123743
Qatar,2017,591.8,52.88942263,63279.85569,38.60516529,0.647983015
Qatar,2018,7041.9,55.94186317,71039.84906,35.89658581,0.649448752
Qatar,2019,11013.0,52.18885993,66841.30135,37.85751562,0.6843701
Qatar,2020,544.8,49.11887826,51683.50544,40.90021662,0.66960603
Qatar,2021,646.8,58.72601703,71751.88313,34.05314154,0.833391726
Qatar,2022,1158.4,68.59841317,88701.46335,31.61523403,0.960249305
Qatar,2023,11674.6,60.433,80195.87465,34.8244,0.993381143
Romania,2004,74.1,25.74393627,3494.990564,34.8825424,0.059348613
Romania,2005,76.8,24.53522061,4618.003508,34.82532884,0.085602649
Romania,2006,132.8,24.7712265,5757.531273,36.91239943,0.148430079
Romania,2007,94.0,24.71082905,8360.337759,38.79432762,0.198067933
Romania,2008,241.1,26.15549966,10435.15612,39.01970134,0.180609092
Romania,2009,101.5,26.02237702,8548.454341,32.44768134,0.359366298
Romania,2010,735.0,31.64159331,8399.537423,38.31334218,0.273600399
Romania,2011,39.5,35.23660885,9560.675528,41.03474759,0.186090663
Romania,2012,185.8,35.70836299,8929.953662,40.88596101,0.082341559
Romania,2013,185.9,40.24536361,9497.674116,41.15224956,0.179133072
Romania,2014,307.0,41.47671194,10031.77108,41.89843102,0.049136128
Romania,2015,258.3,41.34919358,8977.017482,42.17138312,0.181799337
Romania,2016,33.3,42.41633517,9404.540059,43.47619312,0.266823202
Romania,2017,192.7,42.33427421,10727.9822,44.82179036,0.048514169
Romania,2018,143.2,41.4963399,12502.26241,44.99485912,0.036318745
Romania,2019,115.5,40.07931455,12992.03261,44.28839761,0.542255998
Romania,2020,355.7,36.76449058,13082.30066,41.15915288,0.508950412
Romania,2021,186.9,40.48040368,14986.78549,46.13294575,0.581789911
Romania,2022,715.2,43.3611501,15557.88262,50.26041239,0.43113631
Romania,2023,526.5,39.15220055,18404.27309,43.93786685,0.373643965
Russia,2004,13371.6,34.41789106,4102.364746,22.16396134,-1.514594436
Russia,2005,21244.5,35.20306597,5323.455078,21.51018253,-1.267701387
Russia,2006,11271.5,33.73047544,6920.199707,21.00292642,-0.908794343
Russia,2007,11689.2,30.16406048,9101.239258,21.54206226,-0.863382518
Russia,2008,12693.3,31.30956033,11635.28418,22.07290571,-0.749933898
Russia,2009,14263.8,27.9381012,8562.824219,20.49695982,-0.969926596
Russia,2010,13437.5,29.21556078,10674.99023,21.1399447,-0.929458737
Russia,2011,10826.2,28.05536148,14305.33203,19.98003793,-0.998262107
Russia,2012,4189.4,26.90732034,15401.85156,20.24407005,-0.817712665
Russia,2013,20033.6,25.84533683,15941.44824,20.44181257,-0.73609364
Russia,2014,4859.0,27.11109705,14055.47266,20.69024421,-0.943617463
Russia,2015,12774.9,28.70338944,9277.713867,20.65595987,-1.032223463
Russia,2016,7594.4,25.85448298,8663.158203,20.66363686,-0.947688162
Russia,2017,37396.5,26.09088098,10658.91309,20.78564336,-0.642759621
Russia,2018,11093.3,30.7932568,11211.8877,20.78764357,-0.538330913
Russia,2019,7741.0,28.43343068,11447.70117,20.79532298,-0.55108875
Russia,2020,2390.4,25.52218551,10108.32715,20.44472269,-0.667407393
Russia,2021,2816.3,30.00241954,12425.0293,20.58377593,-0.707898319
Russia,2022,1456.2,27.72030335,15619.61426,15.06248308,-1.005996704
Russia,2023,8627.4,22.49271195,14159.3877,18.34161446,-1.134333849
Saudi Arabia,2004,5549.1,50.98533108,13154.4979,24.09750557,-0.654632509
Saudi Arabia,2005,1814.2,57.05074299,15975.74738,24.90333295,-0.240614012
Saudi Arabia,2006,5255.1,59.83190824,17563.61454,30.11269643,-0.522423804
Saudi Arabia,2007,1876.9,59.93744014,18596.15026,34.92587696,-0.467305243
Saudi Arabia,2008,4720.9,62.11150203,22320.4889,33.99112884,-0.336524427
Saudi Arabia,2009,6955.5,47.08862065,17718.39116,37.76972091,-0.492535233
Saudi Arabia,2010,1267.4,49.56971453,22028.39014,32.9799705,-0.226726979
Saudi Arabia,2011,5515.1,55.27334614,27126.74987,29.08608811,-0.464799643
Saudi Arabia,2012,2528.8,53.11984764,28733.43755,28.6208309,-0.480688244
Saudi Arabia,2013,1510.5,50.37251644,27865.4656,29.87898499,-0.431784123
Saudi Arabia,2014,1680.1,45.09584582,27805.48503,32.90426529,-0.285844654
Saudi Arabia,2015,13407.2,31.44013162,23256.15496,35.66513761,-0.634387195
Saudi Arabia,2016,6240.3,29.14308971,22267.72171,28.7785738,-0.472771108
Saudi Arabia,2017,14790.9,32.3625379,23929.29071,27.16944126,-0.649625719
Saudi Arabia,2018,4157.5,35.52098316,29360.0659,23.58192731,-0.660987616
Saudi Arabia,2019,23941.3,32.15920498,29566.79338,24.63461551,-0.624047399
Saudi Arabia,2020,3534.6,23.80981153,24338.83073,23.7233477,-0.650637805
Saudi Arabia,2021,5010.8,29.1556614,31920.76537,21.72826494,-0.592355371
Saudi Arabia,2022,32352.6,35.9850099,38510.22762,20.83915488,-0.355806291
Saudi Arabia,2023,27508.2,30.24251963,36156.84834,23.9264922,-0.21322453
Serbia,2004,18.9,24.48020961,3597.087981,47.80740664,-0.507584155
Serbia,2005,91.39,27.60410475,3807.974173,44.3884441,-0.762413561
Serbia,2006,170.9,28.9667656,4492.71367,46.56246977,-0.53756845
Serbia,2007,25.5,26.24935667,6081.087657,46.4672309,-0.591357946
Serbia,2008,317.9,27.38441073,7376.735179,48.35883556,-0.542712986
Serbia,2009,49.1,25.34457357,6414.044846,38.15714904,-0.47735855
Serbia,2010,205.1,30.98822616,5970.926609,42.72063542,-0.421741664
Serbia,2011,93.7,31.72357684,7082.286167,44.02578447,-0.282882065
Serbia,2012,46.7,34.42457421,6263.040861,47.65210723,-0.217299461
Serbia,2013,45.3,38.22727216,7040.418121,46.10498421,-0.075638093
Serbia,2014,412.8,40.32316738,6886.678091,48.05833495,0.184110776
Serbia,2015,19.7,43.38512198,5820.321558,50.14302579,0.234833032
Serbia,2016,123.9,46.45367044,5982.370301,51.2370236,0.133281603
Serbia,2017,252.0,48.13245504,6548.036538,54.60799013,0.083367988
Serbia,2018,108.4,48.67021024,7559.861657,56.89350279,0.005321072
Serbia,2019,25.2,48.96099566,7755.632986,58.61631389,-0.078051545
Serbia,2020,63.3,46.10508759,8098.709557,54.21937322,-0.170754418
Serbia,2021,54.3,52.34040052,9680.527981,60.0018978,-0.085211463
Serbia,2022,77.9,60.74937853,10022.96885,71.18826383,-0.174069464
Serbia,2023,118.1,55.07551609,12281.50585,59.41843257,-0.039109707
Singapore,2004,7576.9,213.9516954,27608.08001,187.5720171,1.092955947
Singapore,2005,5186.2,225.1596677,29961.31728,195.2708452,1.153349996
Singapore,2006,10549.4,228.0376171,33768.45282,197.3257825,1.248492837
Singapore,2007,9223.3,212.7793937,39432.88602,181.5090782,1.174211025
Singapore,2008,20860.5,228.9937709,40008.57205,208.332944,1.344676137
Singapore,2009,14981.5,190.844935,38926.80544,167.3478768,1.179591179
Singapore,2010,9730.9,197.9989608,47236.68308,171.686595,1.169414878
Singapore,2011,13531.6,203.3277086,53891.45703,175.7709227,1.191421747
Singapore,2012,17790.5,196.7196129,55547.55531,172.4933529,1.368174553
Singapore,2013,16470.8,195.0777963,56967.42579,171.9639837,1.378178358
Singapore,2014,19562.8,191.9535358,57564.80231,168.5137834,1.186271429
Singapore,2015,25688.2,178.3846085,55645.60686,151.0867904,1.29889214
Singapore,2016,27075.7,164.5506642,57005.58872,138.2889918,1.477468967
Singapore,2017,16484.3,171.7416255,61236.25127,145.0527838,1.599125028
Singapore,2018,32639.2,178.1982514,66881.6067,148.3983359,1.468256593
Singapore,2019,39748.6,176.8913,65952.0379,147.5036851,1.480454206
Singapore,2020,35333.5,181.7820245,61410.07926,150.258781,1.438511014
Singapore,2021,27738.5,182.7108066,80056.12882,146.4505771,1.442505479
Singapore,2022,22487.6,186.1142908,90299.06946,146.235277,1.440372348
Singapore,2023,32854.0,181.5613224,85412.23035,144.1319016,1.42420423
Slovakia,2004,94.9,69.34449664,10650.12901,70.87796338,0.593536019
Slovakia,2005,3.2,72.63014069,11641.54103,76.07532047,0.89807272
Slovakia,2006,80.3,81.28034966,13167.89547,83.71185606,0.784178674
Slovakia,2007,515.3,83.37724258,16110.48173,83.20278263,1.036687136
Slovakia,2008,64.9,80.20446742,18744.31923,82.26000558,1.082136154
Slovakia,2009,387.9,68.09605649,16586.75278,68.6182956,0.920496821
Slovakia,2010,1309.0,77.08108209,16899.44868,78.0274156,1.053316832
Slovakia,2011,27.7,84.63305212,18469.43543,84.54502419,0.974757314
Slovakia,2012,260.6,90.90886267,17516.96911,86.06009551,1.08840096
Slovakia,2013,277.1,92.87902224,18312.78051,88.02411425,1.119518161
Slovakia,2014,12.1,90.44000899,18770.92899,86.31630711,1.039121151
Slovakia,2015,27.4,90.69384962,16442.07609,88.73217328,0.865759432
Slovakia,2016,113.4,92.31168701,16636.07691,90.44569259,0.708230555
Slovakia,2017,181.6,93.95241687,17645.52987,92.69227053,0.902731478
Slovakia,2018,193.2,94.92683265,19573.3717,93.80613205,0.736685812
Slovakia,2019,218.9,91.84408651,19406.05897,91.87852212,0.667368829
Slovakia,2020,360.3,84.29834345,19735.48583,83.23582987,0.633981705
Slovakia,2021,172.6,90.72449506,22132.4483,91.18017037,0.617919028
Slovakia,2022,3532.4,98.99010916,21334.6011,104.9388591,0.445335746
Slovakia,2023,698.6,91.27767284,24673.5483,89.75595789,0.573219299
Slovenia,2004,455.5,55.47101495,17103.82978,56.92891851,1.081613421
Slovenia,2005,772.7,60.24130297,17969.70959,60.88598125,1.092811227
Slovenia,2006,1637.3,65.23484044,19563.00506,65.28307265,1.085729003
Slovenia,2007,620.3,68.16444752,23725.1596,69.49864683,1.098629355
Slovenia,2008,637.5,66.63591759,27461.97642,68.75117608,1.149374366
Slovenia,2009,433.1,57.96282364,24501.78973,56.51947738,0.936905801
Slovenia,2010,349.5,64.84082812,23329.84177,63.7657473,0.866508842
Slovenia,2011,265.5,70.78294609,24940.62848,69.54940966,0.969209671
Slovenia,2012,135.6,73.54534803,22442.14179,70.11110054,0.935110688
Slovenia,2013,101.3,74.95894637,23236.96553,70.20984307,0.88225168
Slovenia,2014,23.7,76.65244781,24013.06821,69.81925728,0.965773404
Slovenia,2015,144.7,77.66417014,20697.27485,69.55419757,0.947492003
Slovenia,2016,39.9,78.43658667,21447.83778,69.80186141,0.979141891
Slovenia,2017,253.2,83.88198016,23303.07771,74.82015568,0.866365492
Slovenia,2018,897.3,85.56863705,25888.04811,77.04485692,0.894267261
Slovenia,2019,250.4,84.35705835,25814.16872,75.68721734,0.801585972
Slovenia,2020,65.8,78.27179999,25392.06511,69.27720859,0.701467931
Slovenia,2021,28.0,83.97734325,29187.36938,78.1053851,0.755585372
Slovenia,2022,83.3,93.98266032,28373.83823,92.23693466,0.709335089
Slovenia,2023,249.9,83.2510532,32610.11092,76.84739149,0.818632841
South Africa,2004,16035.5,22.75751879,5221.463337,22.88605644,-0.131729558
South Africa,2005,2853.7,23.59976449,5836.876633,23.82801691,-0.162092119
South Africa,2006,2821.9,26.09824988,6077.382934,27.66989139,0.047030076
South Africa,2007,2951.2,27.95896439,6591.85536,29.16617474,0.215346545
South Africa,2008,4396.2,32.25467367,6184.754743,33.71985013,0.049528994
South Africa,2009,7842.8,24.98274649,6374.7056,24.60478884,-0.11449261
South Africa,2010,4587.1,25.78341763,7973.471958,24.62266954,-0.029427003
South Africa,2011,27770.8,27.69814847,8646.055711,26.93820197,0.02403157
South Africa,2012,2144.3,27.13914919,8076.976785,28.443468,-0.0253867
South Africa,2013,6202.0,28.37928032,7331.654674,30.49574731,-0.046294536
South Africa,2014,4525.6,29.0006193,6856.731371,30.49895475,-0.146388963
South Africa,2015,2536.2,27.71363841,6112.273825,29.01303773,-0.220544875
South Africa,2016,2714.1,28.15608817,5651.205852,27.70516933,-0.149085
South Africa,2017,2637.6,27.34007578,6618.335083,26.19585605,-0.284803629
South Africa,2018,4270.8,27.49703715,6914.178032,26.98850798,-0.237546816
South Africa,2019,2750.2,27.20212941,6533.71121,26.695867,-0.283221096
South Africa,2020,3055.0,27.57591416,5580.603831,23.18374492,-0.252867222
South Africa,2021,3156.2,31.10359881,6843.399419,24.93111503,-0.75098145
South Africa,2022,1627.8,33.37144955,6523.410978,31.41155258,-0.681386352
South Africa,2023,3316.0,32.75452687,6022.542542,32.42556868,-0.665642023
South Korea,2004,16369.2,36.75433645,16496.13162,33.26137842,0.428842574
South Korea,2005,21934.9,35.2830828,19402.50263,33.04172823,0.485128582
South Korea,2006,23372.1,35.62641862,21743.47745,35.02545491,0.423855454
South Korea,2007,20930.9,37.39217969,24086.41044,36.4823456,0.566254735
South Korea,2008,34225.5,47.64188521,21350.42798,47.87446723,0.420968682
South Korea,2009,28316.2,45.18535191,19143.85161,40.94826746,0.409627974
South Korea,2010,29935.8,47.10373691,23079.26013,44.29585958,0.325895816
South Korea,2011,31096.2,53.3377319,25097.59543,52.22858168,0.412495643
South Korea,2012,30230.7,54.09405134,25459.1689,51.3642764,0.267103314
South Korea,2013,19794.7,51.29207111,27179.51701,46.66003384,0.278578639
South Korea,2014,27305.6,47.83142087,29252.93124,42.78302103,0.108568802
South Korea,2015,25992.8,42.98956153,28737.43917,36.14293286,0.156361043
South Korea,2016,32620.0,40.13265091,29280.44032,33.47115855,0.153576508
South Korea,2017,27570.4,40.93420694,31600.73587,36.18671087,0.381830722
South Korea,2018,31597.0,41.71329084,33447.15628,37.27557467,0.638123751
South Korea,2019,37582.4,39.27586107,31902.4169,36.4812779,0.547197938
South Korea,2020,10041.3,36.35959055,31721.29891,32.67445454,0.608337879
South Korea,2021,33913.9,41.8772295,35125.5225,38.32222742,0.629045725
South Korea,2022,85327.9,48.27176422,32394.68337,48.26464507,0.579976737
South Korea,2023,42048.9,43.99566987,33121.37129,43.94400932,0.609834731
Spain,2004,13466.8,25.38825825,24925.02678,29.09126002,-0.090546302
Spain,2005,5814.8,24.94057893,26450.95301,29.75858777,0.193026617
Spain,2006,18402.0,25.18348697,28421.68653,30.90043941,-0.150648654
Spain,2007,27173.5,25.92309713,32652.01559,31.70385164,-0.27673164
Spain,2008,42580.8,25.54780876,35603.24833,30.28032275,-0.383085459
Spain,2009,36072.6,22.98539595,32279.82085,23.85129405,-0.47459957
Spain,2010,34780.0,25.82781334,30658.74223,26.86555663,-0.318043739
Spain,2011,27615.2,29.38841011,31824.62191,29.12341278,0.021104537
Spain,2012,16821.4,31.29973628,28456.44382,29.25429841,-0.029516449
Spain,2013,22659.0,32.75545702,29228.84656,28.91331563,0.012017759
Spain,2014,18327.2,33.21933993,29707.76551,30.17992221,0.243121743
Spain,2015,15853.8,33.29868496,25982.44162,30.28335627,0.241160139
Spain,2016,19567.7,33.57703298,26755.60611,29.61164487,0.402214497
Spain,2017,23682.6,34.90039521,28381.34256,31.26705093,0.27084595
Spain,2018,24335.3,34.87481399,30602.42129,32.13459641,0.275906235
Spain,2019,27558.9,34.67556293,29786.52457,31.69066211,0.292768747
Spain,2020,22916.3,30.48102485,27233.94265,28.96510316,0.411448449
Spain,2021,21809.4,33.75708433,30799.47759,32.76750462,0.509235561
Spain,2022,28997.3,39.75513039,30270.2687,38.87243208,0.318843424
Spain,2023,28895.0,38.05925821,33509.0128,34.13247068,0.287291557
Sweden,2004,6772.0,42.71816798,42758.20155,36.01735174,1.362226844
Sweden,2005,8393.0,45.33085355,43378.61521,38.8366669,1.299904823
Sweden,2006,6773.1,47.59757294,46531.60011,40.73226295,1.293933988
Sweden,2007,6878.9,47.72324692,53568.56455,41.82318379,1.271478295
Sweden,2008,16237.6,49.01330792,55817.43927,43.79459351,1.128336549
Sweden,2009,9790.2,43.4583447,46707.86732,38.4995447,1.084638238
Sweden,2010,11145.3,44.87625196,52542.82741,40.21479751,1.094170451
Sweden,2011,10265.9,45.41335849,60379.77482,40.97696659,1.230688095
Sweden,2012,6374.8,44.83279957,57749.82513,40.46487164,1.170597196
Sweden,2013,8201.3,42.73549446,60844.27671,38.9043189,1.127778053
Sweden,2014,5584.3,43.45799096,59583.714,40.3646558,1.065414786
Sweden,2015,4813.6,43.70851741,51197.95293,40.44865652,0.932670474
Sweden,2016,5392.2,42.91044742,51820.39725,40.35335333,1.000782132
Sweden,2017,7306.2,43.89423569,53300.85873,42.02701473,0.968603015
Sweden,2018,7510.5,45.89094492,54181.90698,44.23875079,0.921417594
Sweden,2019,10516.9,48.24121382,51773.04646,44.27986966,1.011886358
Sweden,2020,12344.3,44.25994298,52653.75659,40.07083879,0.9973768
Sweden,2021,10469.2,47.29964596,61174.96802,42.97834022,1.014508009
Sweden,2022,17942.9,53.88027813,55296.93715,51.97473714,0.910905123
Sweden,2023,18710.1,55.38222478,55567.08901,51.35865353,0.758365273
Switzerland,2004,13684.7,51.2999853,54659.45715,44.21710916,1.227339864
Switzerland,2005,8564.7,53.85417403,56242.89336,48.40699811,1.196782112
Switzerland,2006,17046.3,56.60918522,59011.03246,49.63596956,1.268117428
Switzerland,2007,19904.7,61.55281455,64989.15533,51.77904322,1.234408855
Switzerland,2008,29747.6,63.12931869,74175.19279,53.64868145,1.222245216
Switzerland,2009,17750.8,58.00966904,71568.31239,51.76631573,1.307721257
Switzerland,2010,22433.0,64.83762827,76531.37282,55.22749551,1.258594275
Switzerland,2011,16008.4,66.44992365,90476.75897,59.10634951,1.300342083
Switzerland,2012,13474.8,67.77737305,85836.20768,58.67648741,1.418336034
Switzerland,2013,20342.6,72.06821362,87304.33058,61.62549479,1.401140213
Switzerland,2014,14405.1,65.33727002,88724.99107,54.87615317,1.402652621
Switzerland,2015,13329.4,63.82895575,83806.4476,53.30952661,1.326494217
Switzerland,2016,13366.6,66.81772593,82153.07454,56.74819859,1.28985405
Switzerland,2017,19994.5,66.34849019,82254.37705,57.27331723,1.242316484
Switzerland,2018,19497.8,67.4781861,85217.36915,56.95031822,1.319481969
Switzerland,2019,27970.2,66.96539368,84121.93103,57.1622185,1.310975432
Switzerland,2020,16764.8,64.09555716,85897.78433,57.69042098,1.176240206
Switzerland,2021,14223.0,71.11923292,93664.77367,58.89702837,1.115375638
Switzerland,2022,21006.2,76.13976777,94394.51068,62.36093098,1.159745336
Switzerland,2023,35058.6,73.33315877,100631.8028,61.98684348,1.071443915
Thailand,2004,471.6,65.97185734,2641.562687,61.44001638,-0.717405677
Thailand,2005,590.0,68.4027169,2867.703834,69.45114993,-0.870126605
Thailand,2006,2866.2,68.67534203,3331.320435,65.41160416,-1.130200148
Thailand,2007,1969.3,68.87227517,3918.528174,61.00095182,-1.112847924
Thailand,2008,7146.9,71.41641811,4309.135093,69.02059343,-1.272093296
Thailand,2009,5640.7,64.43861249,4135.43987,54.83080636,-1.42447114
Thailand,2010,3513.2,66.48617316,4973.862888,60.76434948,-1.442788363
Thailand,2011,10787.7,70.85490938,5373.623283,68.82049784,-1.133533716
Thailand,2012,2453.8,68.95123563,5725.528028,68.72370288,-1.216630697
Thailand,2013,5362.6,67.17114107,6018.082447,65.2911331,-1.311682701
Thailand,2014,3942.0,68.39413516,5801.197892,62.51136028,-0.906386316
Thailand,2015,14306.0,67.63669027,5688.853354,57.20297188,-0.995044947
Thailand,2016,14779.6,67.07088397,5833.577156,53.50434332,-0.991300225
Thailand,2017,3094.4,66.67283247,6413.091825,54.21859497,-0.754879415
Thailand,2018,15031.3,64.8380969,7099.776501,56.00376783,-0.799416125
Thailand,2019,10863.3,59.51889062,7605.696578,50.17062409,-0.491406113
Thailand,2020,1964.2,51.49442661,6985.643939,46.30631664,-0.578270495
Thailand,2021,1391.9,58.55938918,7057.207548,58.69355544,-0.568779886
Thailand,2022,780.7,65.37276419,6909.352818,67.48594789,-0.393339306
Thailand,2023,1687.3,65.44456294,7195.101309,63.37955121,-0.280302882
Tunisia,2004,44.0,42.19807665,3067.419364,44.72726805,0.148958027
Tunisia,2005,47.9,44.93229204,3146.826074,45.31895584,0.024227452
Tunisia,2006,137.3,46.02851635,3322.569336,47.91241406,0.20851244
Tunisia,2007,888.2,51.07822198,3726.916729,52.981179,0.158262476
Tunisia,2008,410.6,55.65282994,4255.05008,58.69083028,0.099821232
Tunisia,2009,55.1,45.03981103,4080.090324,47.97706775,0.059611708
Tunisia,2010,100.6,47.95972869,4291.861209,52.19128114,-0.063976362
Tunisia,2011,14.3,46.05465377,4420.647722,54.05172553,-0.353741795
Tunisia,2012,5.8,45.91284777,4297.267825,55.63787616,-0.721316934
Tunisia,2013,173.0,44.88970532,4369.793458,54.06525136,-0.902563274
Tunisia,2014,86.8,42.94746512,4458.978955,53.15963874,-0.851661503
Tunisia,2015,79.0,38.39983876,4014.947737,48.8486919,-0.960177004
Tunisia,2016,26.2,38.29529558,3847.803544,48.79736879,-1.139722347
Tunisia,2017,116.0,41.72078638,3619.032473,54.08801949,-1.023490548
Tunisia,2018,105.6,45.48548265,3628.103665,58.3862531,-0.868207276
Tunisia,2019,132.8,45.95049333,3528.872133,56.38155214,-0.877084732
Tunisia,2020,58.9,37.98343293,3548.653637,46.35483393,-0.594325781
Tunisia,2021,284.2,41.76758301,3906.939263,51.87138051,-0.756551981
Tunisia,2022,111.4,50.978832,3708.848124,64.84878461,-0.594559073
Tunisia,2023,125.4,53.67330703,3950.375342,59.24156528,-0.630951107
Turkey,2004,2098.9,23.62475321,5960.778989,25.20108494,-0.833764553
Turkey,2005,2072.5,21.87626756,7303.013889,24.26608949,-0.601551175
Turkey,2006,1710.5,22.39483394,7953.07848,26.36803713,-0.590213001
Turkey,2007,2415.0,21.88952569,9711.223761,25.96129105,-0.819362879
Turkey,2008,4325.4,23.56629093,10843.50369,26.98196297,-0.823874354
Turkey,2009,3458.8,23.37019915,9012.999458,23.4168678,-1.030790567
Turkey,2010,2946.3,21.19413332,10622.70204,25.50033191,-0.915285528
Turkey,2011,2719.4,22.99370125,11300.78522,30.31047438,-0.959997058
Turkey,2012,3400.9,24.36087552,11713.28498,28.46992714,-1.22053194
Turkey,2013,7188.4,23.79300951,12578.18786,28.73428929,-1.249932528
Turkey,2014,3768.4,25.2055417,12165.22014,28.56075947,-1.086035967
Turkey,2015,2647.9,24.53127734,11049.99511,26.55726626,-1.495309711
Turkey,2016,3314.7,23.08350913,10970.04589,25.2446771,-2.007214785
Turkey,2017,3274.7,26.03942234,10695.5502,29.72274641,-1.786376357
Turkey,2018,4265.9,31.23269623,9568.835063,31.38152231,-1.315199852
Turkey,2019,5220.5,33.07421606,9215.440499,30.11907684,-1.378181696
Turkey,2020,4390.0,29.12079018,8638.739038,32.22296559,-1.143882632
Turkey,2021,3989.6,35.74369611,9743.212778,35.33874785,-1.136792779
Turkey,2022,3251.4,38.58420218,10674.50416,42.58592751,-1.032234788
Turkey,2023,6295.8,31.91583569,13105.6585,34.36076902,-1.011080384
UAE,2004,2094.6,63.56772981,33376.71523,53.05488271,0.768757999
UAE,2005,21987.4,67.58531139,38719.31383,51.96756025,0.875413299
UAE,2006,30320.0,68.62779767,44342.60483,50.84287191,0.923421085
UAE,2007,21690.2,72.3840975,45854.73252,64.41405537,0.975391388
UAE,2008,65425.3,78.8678887,50054.17007,69.64565532,0.696017921
UAE,2009,32226.0,79.65331786,37803.06637,73.8086265,0.919041455
UAE,2010,19368.7,79.39267346,43696.67126,59.49942345,0.801757872
UAE,2011,12586.1,87.53860245,50789.05054,59.85405957,0.912175715
UAE,2012,14838.3,97.63496338,52034.47625,62.33550724,0.863251448
UAE,2013,16404.1,98.00758609,52023.5171,63.09289637,0.894792199
UAE,2014,18437.8,97.25257065,51381.40699,66.43501435,0.768908918
UAE,2015,21139.7,96.82780563,43534.99727,72.64843107,0.748049259
UAE,2016,24060.2,97.66312109,41326.40182,73.31370808,0.549646139
UAE,2017,15392.2,97.85430603,42340.59172,73.06650085,0.601949751
UAE,2018,26573.7,93.71698102,45689.857,65.92579627,0.689255595
UAE,2019,21297.2,96.85959993,44251.45414,73.20851889,0.667538404
UAE,2020,9283.5,100.2301589,37173.87541,85.0503935,0.592605352
UAE,2021,17410.3,102.4030841,43360.0211,83.70584849,0.597572148
UAE,2022,89117.2,103.8122523,49899.0653,85.13320941,0.744183302
UAE,2023,70598.4,108.6108714,49040.69475,93.72166461,0.677530944
Ukraine,2004,735.4,58.69683172,1401.018066,51.28487683,-0.471536189
Ukraine,2005,269.6,47.72973268,1875.335083,46.91783742,-0.285366565
Ukraine,2006,2928.2,43.21862312,2366.494141,45.96242952,-0.036877617
Ukraine,2007,1138.4,41.28991114,3160.327637,46.75664953,0.172825918
Ukraine,2008,2542.2,43.25986886,4017.806641,50.91202329,0.042514395
Ukraine,2009,684.4,42.9288247,2607.087646,44.54733792,-0.302319407
Ukraine,2010,1064.3,46.45653833,3039.632324,49.27319213,0.013131719
Ukraine,2011,984.1,49.40615693,3656.697998,55.39891697,-0.070431463
Ukraine,2012,599.7,47.38283156,3951.342285,55.2399568,-0.092274904
Ukraine,2013,911.2,42.89738267,4129.896973,51.10428678,-0.77728498
Ukraine,2014,311.7,48.59296182,3054.908203,52.09882067,-2.020833492
Ukraine,2015,650.3,52.59767951,2094.473877,55.20893679,-1.95953238
Ukraine,2016,223.7,49.29861946,2158.461182,56.22258546,-1.853331923
Ukraine,2017,193.8,48.12491635,2604.287598,55.91006656,-1.867417812
Ukraine,2018,2890.4,45.23523566,3059.051758,53.96457941,-1.872179389
Ukraine,2019,33.1,41.23169126,3619.861572,49.27954304,-1.428376198
Ukraine,2020,72.6,38.82164629,3709.769287,40.33480609,-1.163936496
Ukraine,2021,38.4,40.68834048,4775.945801,42.00962089,-1.126984
Ukraine,2022,1007.1,35.44511534,4199.670898,51.95139865,-1.949324608
Ukraine,2023,976.2,28.30046827,5139.598145,49.20914592,-1.429823399
United Kingdom,2004,32761.9,24.07228892,40366.88867,26.37942232,0.140847534
United Kingdom,2005,45711.6,25.27151047,42104.78844,27.40920637,0.12418776
United Kingdom,2006,48732.1,27.51212944,44512.45903,29.40229804,0.667080104
United Kingdom,2007,61614.3,25.51156032,50397.6855,27.45279312,0.574654937
United Kingdom,2008,83210.0,27.50596135,47396.12021,29.19264558,0.492879868
United Kingdom,2009,69885.0,26.88155103,38744.13169,28.122833,0.121949501
United Kingdom,2010,63788.7,28.85674267,39598.95712,30.4160323,0.411818206
United Kingdom,2011,55478.0,31.38759406,42109.64188,32.17780692,0.351707608
United Kingdom,2012,38621.4,30.61856843,42490.14655,31.6074143,0.402270734
United Kingdom,2013,47077.7,30.28942477,43419.03526,31.70968714,0.486201435
United Kingdom,2014,34946.7,28.57621473,47426.62098,30.51858939,0.415347636
United Kingdom,2015,48998.0,27.84595067,44983.88552,29.35759902,0.503706396
United Kingdom,2016,40159.5,28.90233952,40988.10442,30.79805889,0.347932637
United Kingdom,2017,33045.6,30.89035103,40629.23403,32.231299,0.380680293
United Kingdom,2018,49648.0,31.58011136,43315.48745,32.96253689,0.077085562
United Kingdom,2019,57538.0,31.63478028,42794.00226,33.03035336,0.526694298
United Kingdom,2020,43086.0,29.66979576,40404.80622,29.11134184,0.483050257
United Kingdom,2021,59249.0,29.18027479,46926.47574,29.40426184,0.489994138
United Kingdom,2022,76966.2,33.56719447,46062.99141,35.31333567,0.533176064
United Kingdom,2023,107943.1,31.97941122,49200.81015,33.05292704,0.514935672
United States,2004,137480.2,9.628747873,41724.6412,14.81930878,-0.233039826
United States,2005,137221.5,9.98205641,44123.39965,15.65650093,-0.060543258
United States,2006,137452.6,10.64138951,46301.98765,16.3338963,0.490835488
United States,2007,118765.2,11.4637893,48050.22741,16.54822627,0.374478042
United States,2008,239416.5,12.42584392,48570.05943,17.4419436,0.582659543
United States,2009,152859.2,10.93221906,47194.95009,13.82730858,0.447313607
United States,2010,128531.3,12.34135543,48642.63121,15.87852751,0.438403934
United States,2011,151341.1,13.56346378,50024.88123,17.27901479,0.591247261
United States,2012,104884.0,13.64405127,51708.39406,17.03778831,0.632442117
United States,2013,138790.5,13.55349188,53297.38629,16.3878144,0.643072605
United States,2014,130747.2,13.50821421,55153.39402,16.39835512,0.582419634
United States,2015,130794.1,12.41114863,56849.46979,15.2770653,0.662890196
United States,2016,160272.3,11.88815923,57976.6282,14.56443856,0.385635316
United States,2017,124106.5,12.17748103,60047.71907,14.9478572,0.262138307
United States,2018,207977.2,12.28711076,62875.66614,15.15824837,0.386239082
United States,2019,163251.9,11.78919741,65227.95659,14.46928321,0.118298575
United States,2020,124255.5,10.07365563,64401.50744,13.00612224,-0.027899733
United States,2021,259567.3,10.7909782,71307.40173,14.42267783,-0.014424653
United States,2022,227349.6,11.60222792,77860.91129,15.28946191,0.008700687
United States,2023,200163.4,11.01151129,82304.62043,13.88785186,0.029424749
Vietnam,2004,113.5,59.73104141,565.4522846,73.28545645,0.150153518
Vietnam,2005,531.6,63.69949267,710.74676,67.01535337,0.484037668
Vietnam,2006,4414.8,67.71681433,807.7566451,70.59680754,0.405120254
Vietnam,2007,775.4,70.5178746,925.6403383,84.08750939,0.251871973
Vietnam,2008,2845.5,70.33669194,1163.831958,83.98078769,0.165260822
Vietnam,2009,1540.6,62.60888407,1226.169761,72.09743366,0.271775961
Vietnam,2010,854.6,54.17584597,1683.161824,59.80184157,0.148407876
Vietnam,2011,1362.3,61.18015572,1950.925042,64.08042222,0.189088449
Vietnam,2012,178.4,63.4739249,2185.117677,59.75019184,0.267358661
Vietnam,2013,1527.7,66.80044599,2359.517365,64.04590887,0.250577271
Vietnam,2014,721.2,69.59857595,2546.384645,65.8119455,-0.022347357
Vietnam,2015,6320.9,72.92285184,2577.568853,71.99137636,0.063808225
Vietnam,2016,2131.9,74.10728626,2735.060438,71.30222172,0.226832524
Vietnam,2017,1385.7,81.76252184,2956.109921,79.21756182,0.211102173
Vietnam,2018,1012.1,84.42345608,3222.310031,80.24048069,0.033082962
Vietnam,2019,482.1,85.15758741,3440.900254,79.54662762,0.039987404
Vietnam,2020,158.3,84.38159801,3534.039535,78.86426481,-0.038989063
Vietnam,2021,2319.8,93.85020713,3704.193559,92.82562571,-0.117782436
Vietnam,2022,4665.8,93.42012904,4147.697772,89.7334901,-0.046132095
Vietnam,2023,3718.7,86.46741924,4323.35032,78.35065203,-0.036380734
